country,year,product,yield,temperature,sea_level_pressure,station_pressure,precipitation
Argentina,2018,Maize,4.755,61.188215959421726,2820.4976730718868,2026.8202498256571,1206.4282432432426
Argentina,2017,Maize,5.837000000000001,63.464145962737035,3164.1798158395136,2080.3072280140054,934.9619318181813
Argentina,2016,Maize,5.768,60.42062074620001,2639.118591563946,1858.2784622528268,898.4643835616441
Argentina,2015,Maize,5.632999999999999,61.53371672906009,2647.045056544904,1864.6156570305477,957.8240277777774
Argentina,2014,Maize,5.41,61.17061243228104,2656.2064652377157,1881.3668231681845,998.8106849315068
Argentina,2013,Maize,5.2620000000000005,61.057784680940316,2636.46917893161,1860.925145540913,899.8802739726025
Argentina,2012,Maize,4.239,61.9453459763822,2353.318713860488,1655.8709049575791,1035.3372058823525
Argentina,2011,Maize,5.218999999999999,61.57096026729212,2078.400300938441,1254.270974191792,946.5178260869563
Argentina,2010,Maize,7.812,61.37991274473616,2155.277175880109,1390.2032097457184,1045.6802941176468
Argentina,2009,Maize,5.5760000000000005,62.236977509251574,2792.7735033914832,1668.8649705846897,801.4204166666668
Argentina,2008,Maize,6.452999999999999,61.43685604299912,2427.3590064415434,1170.5797921952944,765.3217391304345
Argentina,2007,Maize,7.666,60.901631346020274,2602.7794400685857,1477.486945747716,989.8074285714287
Argentina,2006,Maize,5.904,60.93140711637608,2893.6143716896318,2051.7879486843626,1007.3058666666665
Argentina,2005,Maize,7.36,60.211534396520996,2926.5250220505995,2174.6133271192866,1223.4456410256412
Argentina,2004,Maize,6.392,61.39434379983511,3059.364453122928,2302.442462869338,684.7864556962018
Argentina,2003,Maize,6.477,60.86974879310634,2545.4674754530292,1795.984625117799,683.493466666666
Argentina,2002,Maize,6.079,60.8689726122547,2794.5000512992415,2022.910530436558,1048.905833333333
Argentina,2001,Maize,5.456,61.60407591072875,2169.5399443803985,1482.7328821018384,1207.408507462686
Argentina,2000,Maize,5.417000000000001,59.68133714929639,2367.7398246487155,1692.338211893701,1382.634347826086
Argentina,2018,Rice (milled),6.909,61.188215959421726,2820.4976730718868,2026.8202498256571,1206.4282432432426
Argentina,2017,Rice (milled),6.52,63.464145962737035,3164.1798158395136,2080.3072280140054,934.9619318181813
Argentina,2016,Rice (milled),6.739,60.42062074620001,2639.118591563946,1858.2784622528268,898.4643835616441
Argentina,2015,Rice (milled),6.707000000000001,61.53371672906009,2647.045056544904,1864.6156570305477,957.8240277777774
Argentina,2014,Rice (milled),6.497000000000001,61.17061243228104,2656.2064652377157,1881.3668231681845,998.8106849315068
Argentina,2013,Rice (milled),6.718999999999999,61.057784680940316,2636.46917893161,1860.925145540913,899.8802739726025
Argentina,2012,Rice (milled),6.6610000000000005,61.9453459763822,2353.318713860488,1655.8709049575791,1035.3372058823525
Argentina,2011,Rice (milled),6.791,61.57096026729212,2078.400300938441,1254.270974191792,946.5178260869563
Argentina,2010,Rice (milled),5.763999999999999,61.37991274473616,2155.277175880109,1390.2032097457184,1045.6802941176468
Argentina,2009,Rice (milled),6.792999999999999,62.236977509251574,2792.7735033914832,1668.8649705846897,801.4204166666668
Argentina,2008,Rice (milled),6.858,61.43685604299912,2427.3590064415434,1170.5797921952944,765.3217391304345
Argentina,2007,Rice (milled),6.562,60.901631346020274,2602.7794400685857,1477.486945747716,989.8074285714287
Argentina,2006,Rice (milled),7.062,60.93140711637608,2893.6143716896318,2051.7879486843626,1007.3058666666665
Argentina,2005,Rice (milled),6.013,60.211534396520996,2926.5250220505995,2174.6133271192866,1223.4456410256412
Argentina,2004,Rice (milled),6.265,61.39434379983511,3059.364453122928,2302.442462869338,684.7864556962018
Argentina,2003,Rice (milled),5.398,60.86974879310634,2545.4674754530292,1795.984625117799,683.493466666666
Argentina,2002,Rice (milled),5.75,60.8689726122547,2794.5000512992415,2022.910530436558,1048.905833333333
Argentina,2001,Rice (milled),5.7,61.60407591072875,2169.5399443803985,1482.7328821018384,1207.408507462686
Argentina,2000,Rice (milled),4.781000000000001,59.68133714929639,2367.7398246487155,1692.338211893701,1382.634347826086
Argentina,2018,Soybeans,3.0860000000000003,61.188215959421726,2820.4976730718868,2026.8202498256571,1206.4282432432426
Argentina,2017,Soybeans,2.3609999999999998,63.464145962737035,3164.1798158395136,2080.3072280140054,934.9619318181813
Argentina,2016,Soybeans,3.0989999999999998,60.42062074620001,2639.118591563946,1858.2784622528268,898.4643835616441
Argentina,2015,Soybeans,2.944,61.53371672906009,2647.045056544904,1864.6156570305477,957.8240277777774
Argentina,2014,Soybeans,3.103,61.17061243228104,2656.2064652377157,1881.3668231681845,998.8106849315068
Argentina,2013,Soybeans,2.7,61.057784680940316,2636.46917893161,1860.925145540913,899.8802739726025
Argentina,2012,Soybeans,2.622,61.9453459763822,2353.318713860488,1655.8709049575791,1035.3372058823525
Argentina,2011,Soybeans,2.281,61.57096026729212,2078.400300938441,1254.270974191792,946.5178260869563
Argentina,2010,Soybeans,2.6439999999999997,61.37991274473616,2155.277175880109,1390.2032097457184,1045.6802941176468
Argentina,2009,Soybeans,2.832,62.236977509251574,2792.7735033914832,1668.8649705846897,801.4204166666668
Argentina,2008,Soybeans,1.879,61.43685604299912,2427.3590064415434,1170.5797921952944,765.3217391304345
Argentina,2007,Soybeans,2.783,60.901631346020274,2602.7794400685857,1477.486945747716,989.8074285714287
Argentina,2006,Soybeans,2.9419999999999997,60.93140711637608,2893.6143716896318,2051.7879486843626,1007.3058666666665
Argentina,2005,Soybeans,2.6630000000000003,60.211534396520996,2926.5250220505995,2174.6133271192866,1223.4456410256412
Argentina,2004,Soybeans,2.7760000000000002,61.39434379983511,3059.364453122928,2302.442462869338,684.7864556962018
Argentina,2003,Soybeans,2.239,60.86974879310634,2545.4674754530292,1795.984625117799,683.493466666666
Argentina,2002,Soybeans,2.72,60.8689726122547,2794.5000512992415,2022.910530436558,1048.905833333333
Argentina,2001,Soybeans,2.656,61.60407591072875,2169.5399443803985,1482.7328821018384,1207.408507462686
Argentina,2000,Soybeans,2.635,59.68133714929639,2367.7398246487155,1692.338211893701,1382.634347826086
Argentina,2018,Wheat,3.094,61.188215959421726,2820.4976730718868,2026.8202498256571,1206.4282432432426
Argentina,2017,Wheat,3.12,63.464145962737035,3164.1798158395136,2080.3072280140054,934.9619318181813
Argentina,2016,Wheat,3.2689999999999997,60.42062074620001,2639.118591563946,1858.2784622528268,898.4643835616441
Argentina,2015,Wheat,2.806,61.53371672906009,2647.045056544904,1864.6156570305477,957.8240277777774
Argentina,2014,Wheat,2.7689999999999997,61.17061243228104,2656.2064652377157,1881.3668231681845,998.8106849315068
Argentina,2013,Wheat,2.346,61.057784680940316,2636.46917893161,1860.925145540913,899.8802739726025
Argentina,2012,Wheat,2.658,61.9453459763822,2353.318713860488,1655.8709049575791,1035.3372058823525
Argentina,2011,Wheat,3.22,61.57096026729212,2078.400300938441,1254.270974191792,946.5178260869563
Argentina,2010,Wheat,3.5060000000000002,61.37991274473616,2155.277175880109,1390.2032097457184,1045.6802941176468
Argentina,2009,Wheat,2.787,62.236977509251574,2792.7735033914832,1668.8649705846897,801.4204166666668
Argentina,2008,Wheat,1.963,61.43685604299912,2427.3590064415434,1170.5797921952944,765.3217391304345
Argentina,2007,Wheat,2.827,60.901631346020274,2602.7794400685857,1477.486945747716,989.8074285714287
Argentina,2006,Wheat,2.6260000000000003,60.93140711637608,2893.6143716896318,2051.7879486843626,1007.3058666666665
Argentina,2005,Wheat,2.531,60.211534396520996,2926.5250220505995,2174.6133271192866,1223.4456410256412
Argentina,2004,Wheat,2.6310000000000002,61.39434379983511,3059.364453122928,2302.442462869338,684.7864556962018
Argentina,2003,Wheat,2.539,60.86974879310634,2545.4674754530292,1795.984625117799,683.493466666666
Argentina,2002,Wheat,2.033,60.8689726122547,2794.5000512992415,2022.910530436558,1048.905833333333
Argentina,2001,Wheat,2.235,61.60407591072875,2169.5399443803985,1482.7328821018384,1207.408507462686
Argentina,2000,Wheat,2.491,59.68133714929639,2367.7398246487155,1692.338211893701,1382.634347826086
Australia,2018,Maize,6.877000000000001,47.70781904992512,4410.836816392773,1769.3406348940798,2337.2000694444414
Australia,2017,Maize,6.412000000000001,47.2462933765941,4286.334969678627,1746.75206990137,1073.3295333333328
Australia,2016,Maize,7.547000000000001,46.61071979961982,4190.122906186012,1657.5004559092695,559.4476623376627
Australia,2015,Maize,8.25,47.81697418229172,4163.09568858419,1646.2042711106951,573.8211612903222
Australia,2014,Maize,7.5,49.49648724630901,4169.7179696345665,1659.2548963168115,593.9065384615385
Australia,2013,Maize,6.487,47.10531754919228,4362.37583479035,2080.281671070563,515.239019607843
Australia,2012,Maize,6.443,46.424456115201,4395.8668642329485,2088.998881001171,537.7235643564354
Australia,2011,Maize,5.757999999999999,46.93271667640535,4452.292313779708,2085.2503151132155,491.2070588235292
Australia,2010,Maize,5.559,44.58514071780765,4373.174622917152,1991.9309425489505,1095.0815841584151
Australia,2009,Maize,5.785,46.169642521331454,4459.738937131022,2015.7878470207766,1324.9673267326727
Australia,2008,Maize,5.691,46.47463824472402,4619.855578285682,2329.3162366957395,1185.4541666666664
Australia,2007,Maize,4.878,45.75294007678082,4735.031412741907,2493.9150323343993,1083.0355045871552
Australia,2006,Maize,5.403,45.07892005086964,4722.712094772823,2317.913192203347,1165.6738235294115
Australia,2005,Maize,5.6,45.019755103910626,4691.509326103203,2467.3906508827035,701.4866666666665
Australia,2004,Maize,5.0,45.07862847285956,4643.646338195805,2274.1807380879022,175.93479999999985
Australia,2003,Maize,4.428999999999999,46.00049761350473,4402.619112740921,2050.4119919434793,40.84080808080807
Australia,2002,Maize,4.882,46.73431380658763,4598.918566467133,2211.9241881199346,406.245769230769
Australia,2001,Maize,4.6,44.30523608738045,4595.834136260686,2409.3526031826814,381.3224489795913
Australia,2000,Maize,5.412999999999999,46.75048086821926,4703.389579905001,2477.883880139089,395.76263736263707
Australia,2018,Rice (milled),10.488,47.70781904992512,4410.836816392773,1769.3406348940798,2337.2000694444414
Australia,2017,Rice (milled),9.812000000000001,47.2462933765941,4286.334969678627,1746.75206990137,1073.3295333333328
Australia,2016,Rice (milled),10.289000000000001,46.61071979961982,4190.122906186012,1657.5004559092695,559.4476623376627
Australia,2015,Rice (milled),9.911,47.81697418229172,4163.09568858419,1646.2042711106951,573.8211612903222
Australia,2014,Rice (milled),10.92,49.49648724630901,4169.7179696345665,1659.2548963168115,593.9065384615385
Australia,2013,Rice (milled),10.274000000000001,47.10531754919228,4362.37583479035,2080.281671070563,515.239019607843
Australia,2012,Rice (milled),8.911,46.424456115201,4395.8668642329485,2088.998881001171,537.7235643564354
Australia,2011,Rice (milled),9.513,46.93271667640535,4452.292313779708,2085.2503151132155,491.2070588235292
Australia,2010,Rice (milled),10.405999999999999,44.58514071780765,4373.174622917152,1991.9309425489505,1095.0815841584151
Australia,2009,Rice (milled),8.461,46.169642521331454,4459.738937131022,2015.7878470207766,1324.9673267326727
Australia,2008,Rice (milled),8.333,46.47463824472402,4619.855578285682,2329.3162366957395,1185.4541666666664
Australia,2007,Rice (milled),8.15,45.75294007678082,4735.031412741907,2493.9150323343993,1083.0355045871552
Australia,2006,Rice (milled),9.829,45.07892005086964,4722.712094772823,2317.913192203347,1165.6738235294115
Australia,2005,Rice (milled),6.619,45.019755103910626,4691.509326103203,2467.3906508827035,701.4866666666665
Australia,2004,Rice (milled),8.33,45.07862847285956,4643.646338195805,2274.1807380879022,175.93479999999985
Australia,2003,Rice (milled),9.566,46.00049761350473,4402.619112740921,2050.4119919434793,40.84080808080807
Australia,2002,Rice (milled),8.277999999999999,46.73431380658763,4598.918566467133,2211.9241881199346,406.245769230769
Australia,2001,Rice (milled),9.282,44.30523608738045,4595.834136260686,2409.3526031826814,381.3224489795913
Australia,2000,Rice (milled),8.256,46.75048086821926,4703.389579905001,2477.883880139089,395.76263736263707
Australia,2018,Soybeans,1.294,47.70781904992512,4410.836816392773,1769.3406348940798,2337.2000694444414
Australia,2017,Soybeans,1.909,47.2462933765941,4286.334969678627,1746.75206990137,1073.3295333333328
Australia,2016,Soybeans,1.679,46.61071979961982,4190.122906186012,1657.5004559092695,559.4476623376627
Australia,2015,Soybeans,1.905,47.81697418229172,4163.09568858419,1646.2042711106951,573.8211612903222
Australia,2014,Soybeans,1.85,49.49648724630901,4169.7179696345665,1659.2548963168115,593.9065384615385
Australia,2013,Soybeans,1.28,47.10531754919228,4362.37583479035,2080.281671070563,515.239019607843
Australia,2012,Soybeans,2.263,46.424456115201,4395.8668642329485,2088.998881001171,537.7235643564354
Australia,2011,Soybeans,1.868,46.93271667640535,4452.292313779708,2085.2503151132155,491.2070588235292
Australia,2010,Soybeans,1.469,44.58514071780765,4373.174622917152,1991.9309425489505,1095.0815841584151
Australia,2009,Soybeans,1.579,46.169642521331454,4459.738937131022,2015.7878470207766,1324.9673267326727
Australia,2008,Soybeans,1.143,46.47463824472402,4619.855578285682,2329.3162366957395,1185.4541666666664
Australia,2007,Soybeans,1.0,45.75294007678082,4735.031412741907,2493.9150323343993,1083.0355045871552
Australia,2006,Soybeans,0.85,45.07892005086964,4722.712094772823,2317.913192203347,1165.6738235294115
Australia,2005,Soybeans,1.05,45.019755103910626,4691.509326103203,2467.3906508827035,701.4866666666665
Australia,2004,Soybeans,1.35,45.07862847285956,4643.646338195805,2274.1807380879022,175.93479999999985
Australia,2003,Soybeans,1.85,46.00049761350473,4402.619112740921,2050.4119919434793,40.84080808080807
Australia,2002,Soybeans,1.6669999999999998,46.73431380658763,4598.918566467133,2211.9241881199346,406.245769230769
Australia,2001,Soybeans,2.03,44.30523608738045,4595.834136260686,2409.3526031826814,381.3224489795913
Australia,2000,Soybeans,1.706,46.75048086821926,4703.389579905001,2477.883880139089,395.76263736263707
Australia,2018,Wheat,1.703,47.70781904992512,4410.836816392773,1769.3406348940798,2337.2000694444414
Australia,2017,Wheat,1.736,47.2462933765941,4286.334969678627,1746.75206990137,1073.3295333333328
Australia,2016,Wheat,2.61,46.61071979961982,4190.122906186012,1657.5004559092695,559.4476623376627
Australia,2015,Wheat,1.974,47.81697418229172,4163.09568858419,1646.2042711106951,573.8211612903222
Australia,2014,Wheat,1.9169999999999998,49.49648724630901,4169.7179696345665,1659.2548963168115,593.9065384615385
Australia,2013,Wheat,2.006,47.10531754919228,4362.37583479035,2080.281671070563,515.239019607843
Australia,2012,Wheat,1.761,46.424456115201,4395.8668642329485,2088.998881001171,537.7235643564354
Australia,2011,Wheat,2.151,46.93271667640535,4452.292313779708,2085.2503151132155,491.2070588235292
Australia,2010,Wheat,2.03,44.58514071780765,4373.174622917152,1991.9309425489505,1095.0815841584151
Australia,2009,Wheat,1.5730000000000002,46.169642521331454,4459.738937131022,2015.7878470207766,1324.9673267326727
Australia,2008,Wheat,1.5830000000000002,46.47463824472402,4619.855578285682,2329.3162366957395,1185.4541666666664
Australia,2007,Wheat,1.079,45.75294007678082,4735.031412741907,2493.9150323343993,1083.0355045871552
Australia,2006,Wheat,0.917,45.07892005086964,4722.712094772823,2317.913192203347,1165.6738235294115
Australia,2005,Wheat,2.023,45.019755103910626,4691.509326103203,2467.3906508827035,701.4866666666665
Australia,2004,Wheat,1.635,45.07862847285956,4643.646338195805,2274.1807380879022,175.93479999999985
Australia,2003,Wheat,2.1069999999999998,46.00049761350473,4402.619112740921,2050.4119919434793,40.84080808080807
Australia,2002,Wheat,0.917,46.73431380658763,4598.918566467133,2211.9241881199346,406.245769230769
Australia,2001,Wheat,2.095,44.30523608738045,4595.834136260686,2409.3526031826814,381.3224489795913
Australia,2000,Wheat,1.777,46.75048086821926,4703.389579905001,2477.883880139089,395.76263736263707
Brazil,2018,Maize,4.857,74.96925298777941,2529.2225903490416,2442.6170644442477,1390.9699999999978
Brazil,2017,Maize,5.729,75.24052464314423,2537.613899568107,2419.3826930026325,1368.2118067978524
Brazil,2016,Maize,4.2,75.19116634509155,2544.6762476401673,2459.1208786264665,1387.2421568627456
Brazil,2015,Maize,5.5360000000000005,77.57351279300228,8448.55264057755,8332.739597913811,7616.189590163928
Brazil,2014,Maize,5.176,76.88939778022383,8414.457202344876,8332.815622479782,7181.891693548379
Brazil,2013,Maize,5.257999999999999,75.76066163807782,7580.809025952752,7567.265368530907,6582.311409395967
Brazil,2012,Maize,5.012,76.36230071889764,8971.167602596275,8872.834021854955,7114.42403361344
Brazil,2011,Maize,4.247,75.9510803744834,9125.471959172964,8873.140308323931,8263.311382113814
Brazil,2010,Maize,4.375,76.59454492893855,9138.15775928053,8951.250475130484,7957.177933884298
Brazil,2009,Maize,3.715,76.17175382013566,8912.489519418952,9620.158304021576,8472.56236220472
Brazil,2008,Maize,4.086,76.09026583783087,8939.641903527703,9636.107497917226,7495.05124999999
Brazil,2007,Maize,3.7510000000000003,75.97856751101588,7775.807899310679,8919.347723837107,4440.103439999995
Brazil,2006,Maize,3.383,75.76952570830318,4654.878314095303,7597.739293522628,4097.801406249998
Brazil,2005,Maize,3.0410000000000004,76.29695020378907,6386.688016599165,8253.523963627977,2860.3674257425723
Brazil,2004,Maize,3.386,74.80764852657467,5795.369885753049,8273.199772051776,3090.6176190476162
Brazil,2003,Maize,3.73,76.85533493944953,6425.10192622611,8033.783957144772,2010.9702654867242
Brazil,2002,Maize,3.048,75.95747808347575,6516.707786318167,8790.08860003018,2814.5492929292895
Brazil,2001,Maize,3.3960000000000004,76.97346023210915,6675.531010844116,8909.802048829393,3974.5735849056546
Brazil,2000,Maize,2.76,75.73841494306065,7477.176150842703,9334.485599476717,4697.864040404036
Brazil,2018,Rice (milled),6.115,74.96925298777941,2529.2225903490416,2442.6170644442477,1390.9699999999978
Brazil,2017,Rice (milled),6.223,75.24052464314423,2537.613899568107,2419.3826930026325,1368.2118067978524
Brazil,2016,Rice (milled),5.28,75.19116634509155,2544.6762476401673,2459.1208786264665,1387.2421568627456
Brazil,2015,Rice (milled),5.4239999999999995,77.57351279300228,8448.55264057755,8332.739597913811,7616.189590163928
Brazil,2014,Rice (milled),5.1080000000000005,76.88939778022383,8414.457202344876,8332.815622479782,7181.891693548379
Brazil,2013,Rice (milled),4.926,75.76066163807782,7580.809025952752,7567.265368530907,6582.311409395967
Brazil,2012,Rice (milled),4.78,76.36230071889764,8971.167602596275,8872.834021854955,7114.42403361344
Brazil,2011,Rice (milled),4.827,75.9510803744834,9125.471959172964,8873.140308323931,8263.311382113814
Brazil,2010,Rice (milled),4.218,76.59454492893855,9138.15775928053,8951.250475130484,7957.177933884298
Brazil,2009,Rice (milled),4.332,76.17175382013566,8912.489519418952,9620.158304021576,8472.56236220472
Brazil,2008,Rice (milled),4.2,76.09026583783087,8939.641903527703,9636.107497917226,7495.05124999999
Brazil,2007,Rice (milled),3.813,75.97856751101588,7775.807899310679,8919.347723837107,4440.103439999995
Brazil,2006,Rice (milled),3.884,75.76952570830318,4654.878314095303,7597.739293522628,4097.801406249998
Brazil,2005,Rice (milled),3.41,76.29695020378907,6386.688016599165,8253.523963627977,2860.3674257425723
Brazil,2004,Rice (milled),3.5469999999999997,74.80764852657467,5795.369885753049,8273.199772051776,3090.6176190476162
Brazil,2003,Rice (milled),3.2539999999999996,76.85533493944953,6425.10192622611,8033.783957144772,2010.9702654867242
Brazil,2002,Rice (milled),3.3,75.95747808347575,6516.707786318167,8790.08860003018,2814.5492929292895
Brazil,2001,Rice (milled),3.195,76.97346023210915,6675.531010844116,8909.802048829393,3974.5735849056546
Brazil,2000,Rice (milled),3.1060000000000003,75.73841494306065,7477.176150842703,9334.485599476717,4697.864040404036
Brazil,2018,Soybeans,3.1910000000000003,74.96925298777941,2529.2225903490416,2442.6170644442477,1390.9699999999978
Brazil,2017,Soybeans,3.3939999999999997,75.24052464314423,2537.613899568107,2419.3826930026325,1368.2118067978524
Brazil,2016,Soybeans,3.364,75.19116634509155,2544.6762476401673,2459.1208786264665,1387.2421568627456
Brazil,2015,Soybeans,2.87,77.57351279300228,8448.55264057755,8332.739597913811,7616.189590163928
Brazil,2014,Soybeans,2.998,76.88939778022383,8414.457202344876,8332.815622479782,7181.891693548379
Brazil,2013,Soybeans,2.8539999999999996,75.76066163807782,7580.809025952752,7567.265368530907,6582.311409395967
Brazil,2012,Soybeans,2.938,76.36230071889764,8971.167602596275,8872.834021854955,7114.42403361344
Brazil,2011,Soybeans,2.6510000000000002,75.9510803744834,9125.471959172964,8873.140308323931,8263.311382113814
Brazil,2010,Soybeans,3.115,76.59454492893855,9138.15775928053,8951.250475130484,7957.177933884298
Brazil,2009,Soybeans,2.927,76.17175382013566,8912.489519418952,9620.158304021576,8472.56236220472
Brazil,2008,Soybeans,2.6310000000000002,76.09026583783087,8939.641903527703,9636.107497917226,7495.05124999999
Brazil,2007,Soybeans,2.8160000000000003,75.97856751101588,7775.807899310679,8919.347723837107,4440.103439999995
Brazil,2006,Soybeans,2.8289999999999997,75.76952570830318,4654.878314095303,7597.739293522628,4097.801406249998
Brazil,2005,Soybeans,2.5,76.29695020378907,6386.688016599165,8253.523963627977,2860.3674257425723
Brazil,2004,Soybeans,2.281,74.80764852657467,5795.369885753049,8273.199772051776,3090.6176190476162
Brazil,2003,Soybeans,2.314,76.85533493944953,6425.10192622611,8033.783957144772,2010.9702654867242
Brazil,2002,Soybeans,2.819,75.95747808347575,6516.707786318167,8790.08860003018,2814.5492929292895
Brazil,2001,Soybeans,2.5839999999999996,76.97346023210915,6675.531010844116,8909.802048829393,3974.5735849056546
Brazil,2000,Soybeans,2.7510000000000003,75.73841494306065,7477.176150842703,9334.485599476717,4697.864040404036
Brazil,2018,Wheat,2.785,74.96925298777941,2529.2225903490416,2442.6170644442477,1390.9699999999978
Brazil,2017,Wheat,1.975,75.24052464314423,2537.613899568107,2419.3826930026325,1368.2118067978524
Brazil,2016,Wheat,3.2239999999999998,75.19116634509155,2544.6762476401673,2459.1208786264665,1387.2421568627456
Brazil,2015,Wheat,2.227,77.57351279300228,8448.55264057755,8332.739597913811,7616.189590163928
Brazil,2014,Wheat,2.209,76.88939778022383,8414.457202344876,8332.815622479782,7181.891693548379
Brazil,2013,Wheat,2.5869999999999997,75.76066163807782,7580.809025952752,7567.265368530907,6582.311409395967
Brazil,2012,Wheat,2.316,76.36230071889764,8971.167602596275,8872.834021854955,7114.42403361344
Brazil,2011,Wheat,2.665,75.9510803744834,9125.471959172964,8873.140308323931,8263.311382113814
Brazil,2010,Wheat,2.773,76.59454492893855,9138.15775928053,8951.250475130484,7957.177933884298
Brazil,2009,Wheat,2.041,76.17175382013566,8912.489519418952,9620.158304021576,8472.56236220472
Brazil,2008,Wheat,2.479,76.09026583783087,8939.641903527703,9636.107497917226,7495.05124999999
Brazil,2007,Wheat,2.21,75.97856751101588,7775.807899310679,8919.347723837107,4440.103439999995
Brazil,2006,Wheat,1.5930000000000002,75.76952570830318,4654.878314095303,7597.739293522628,4097.801406249998
Brazil,2005,Wheat,1.975,76.29695020378907,6386.688016599165,8253.523963627977,2860.3674257425723
Brazil,2004,Wheat,2.083,74.80764852657467,5795.369885753049,8273.199772051776,3090.6176190476162
Brazil,2003,Wheat,2.498,76.85533493944953,6425.10192622611,8033.783957144772,2010.9702654867242
Brazil,2002,Wheat,1.52,75.95747808347575,6516.707786318167,8790.08860003018,2814.5492929292895
Brazil,2001,Wheat,1.9480000000000002,76.97346023210915,6675.531010844116,8909.802048829393,3974.5735849056546
Brazil,2000,Wheat,1.619,75.73841494306065,7477.176150842703,9334.485599476717,4697.864040404036
Canada,2018,Maize,9.703,35.72273420476228,2869.1608863051683,4207.739252821348,7940.49902590642
Canada,2017,Maize,10.026,36.89787593671427,2838.8506227829216,4179.3184701863465,42031.031206377855
Canada,2016,Maize,9.822000000000001,38.36751377618748,2863.481025967676,4212.34216473275,43689.88235293862
Canada,2015,Maize,10.335,37.41221916015471,2898.368442221434,4579.458885389868,47901.19962376092
Canada,2014,Maize,9.362,36.03732440193278,2919.997375539302,4909.811849787204,21702.008092885226
Canada,2013,Maize,9.591000000000001,36.16435529743399,3225.743559542896,4960.393117110397,2476.3115609756046
Canada,2012,Maize,9.21,36.84393547813916,3538.22493845222,5094.076439347568,2153.9051491819005
Canada,2011,Maize,8.93,35.88152192097194,3692.6507242352945,5167.767138657163,2444.9839785992162
Canada,2010,Maize,9.751,37.18957322965524,3897.623358128568,5291.162961085159,2439.285874396132
Canada,2009,Maize,8.372,34.5272487826094,3956.2172315937355,5292.087215785459,2255.3793978282292
Canada,2008,Maize,9.061,34.90934379932769,4000.977774453754,5415.634696117671,2608.7330862944204
Canada,2007,Maize,8.509,34.796739702991594,3883.8806520835847,5415.210711003817,2815.8039746300174
Canada,2006,Maize,8.472999999999999,38.67880146059187,3654.399423721776,5158.6587424142745,2403.2721023965105
Canada,2005,Maize,8.601,37.19548370223924,3645.908717213137,4839.29386719015,63719.857745209425
Canada,2004,Maize,8.243,33.174209697232584,3829.295030900401,5384.654037622445,2060.567724056599
Canada,2003,Maize,7.82,35.408320322435365,3220.1401245564916,4662.429683255087,2174.9713183730696
Canada,2002,Maize,7.013999999999999,35.07678110899799,3091.5085587500216,4709.958420575147,2329.7615905743655
Canada,2001,Maize,6.621,37.15622423936634,2977.1909432242546,4537.888466121645,2672.172916053017
Canada,2000,Maize,6.275,35.49262041303647,2865.8424593210357,4553.769972023189,3005.4020450606567
Canada,2018,Soybeans,2.859,35.72273420476228,2869.1608863051683,4207.739252821348,7940.49902590642
Canada,2017,Soybeans,2.6289999999999996,36.89787593671427,2838.8506227829216,4179.3184701863465,42031.031206377855
Canada,2016,Soybeans,2.986,38.36751377618748,2863.481025967676,4212.34216473275,43689.88235293862
Canada,2015,Soybeans,2.903,37.41221916015471,2898.368442221434,4579.458885389868,47901.19962376092
Canada,2014,Soybeans,2.7060000000000004,36.03732440193278,2919.997375539302,4909.811849787204,21702.008092885226
Canada,2013,Soybeans,2.8810000000000002,36.16435529743399,3225.743559542896,4960.393117110397,2476.3115609756046
Canada,2012,Soybeans,3.031,36.84393547813916,3538.22493845222,5094.076439347568,2153.9051491819005
Canada,2011,Soybeans,2.7710000000000004,35.88152192097194,3692.6507242352945,5167.767138657163,2444.9839785992162
Canada,2010,Soybeans,2.952,37.18957322965524,3897.623358128568,5291.162961085159,2439.285874396132
Canada,2009,Soybeans,2.5380000000000003,34.5272487826094,3956.2172315937355,5292.087215785459,2255.3793978282292
Canada,2008,Soybeans,2.792,34.90934379932769,4000.977774453754,5415.634696117671,2608.7330862944204
Canada,2007,Soybeans,2.3,34.796739702991594,3883.8806520835847,5415.210711003817,2815.8039746300174
Canada,2006,Soybeans,2.886,38.67880146059187,3654.399423721776,5158.6587424142745,2403.2721023965105
Canada,2005,Soybeans,2.7039999999999997,37.19548370223924,3645.908717213137,4839.29386719015,63719.857745209425
Canada,2004,Soybeans,2.48,33.174209697232584,3829.295030900401,5384.654037622445,2060.567724056599
Canada,2003,Soybeans,2.166,35.408320322435365,3220.1401245564916,4662.429683255087,2174.9713183730696
Canada,2002,Soybeans,2.281,35.07678110899799,3091.5085587500216,4709.958420575147,2329.7615905743655
Canada,2001,Soybeans,1.5290000000000001,37.15622423936634,2977.1909432242546,4537.888466121645,2672.172916053017
Canada,2000,Soybeans,2.545,35.49262041303647,2865.8424593210357,4553.769972023189,3005.4020450606567
Canada,2018,Wheat,3.215,35.72273420476228,2869.1608863051683,4207.739252821348,7940.49902590642
Canada,2017,Wheat,3.338,36.89787593671427,2838.8506227829216,4179.3184701863465,42031.031206377855
Canada,2016,Wheat,3.5810000000000004,38.36751377618748,2863.481025967676,4212.34216473275,43689.88235293862
Canada,2015,Wheat,2.8810000000000002,37.41221916015471,2898.368442221434,4579.458885389868,47901.19962376092
Canada,2014,Wheat,3.103,36.03732440193278,2919.997375539302,4909.811849787204,21702.008092885226
Canada,2013,Wheat,3.594,36.16435529743399,3225.743559542896,4960.393117110397,2476.3115609756046
Canada,2012,Wheat,2.865,36.84393547813916,3538.22493845222,5094.076439347568,2153.9051491819005
Canada,2011,Wheat,2.957,35.88152192097194,3692.6507242352945,5167.767138657163,2444.9839785992162
Canada,2010,Wheat,2.818,37.18957322965524,3897.623358128568,5291.162961085159,2439.285874396132
Canada,2009,Wheat,2.786,34.5272487826094,3956.2172315937355,5292.087215785459,2255.3793978282292
Canada,2008,Wheat,2.852,34.90934379932769,4000.977774453754,5415.634696117671,2608.7330862944204
Canada,2007,Wheat,2.322,34.796739702991594,3883.8806520835847,5415.210711003817,2815.8039746300174
Canada,2006,Wheat,2.609,38.67880146059187,3654.399423721776,5158.6587424142745,2403.2721023965105
Canada,2005,Wheat,2.738,37.19548370223924,3645.908717213137,4839.29386719015,63719.857745209425
Canada,2004,Wheat,2.622,33.174209697232584,3829.295030900401,5384.654037622445,2060.567724056599
Canada,2003,Wheat,2.25,35.408320322435365,3220.1401245564916,4662.429683255087,2174.9713183730696
Canada,2002,Wheat,1.8330000000000002,35.07678110899799,3091.5085587500216,4709.958420575147,2329.7615905743655
Canada,2001,Wheat,1.943,37.15622423936634,2977.1909432242546,4537.888466121645,2672.172916053017
Canada,2000,Wheat,2.419,35.49262041303647,2865.8424593210357,4553.769972023189,3005.4020450606567
Egypt,2018,Maize,6.752999999999999,75.09549789785851,3295.592951810712,9999.900000000001,101.69322580645161
Egypt,2017,Maize,6.455,74.0980277164831,3198.672116036469,9999.900000000003,60.748
Egypt,2016,Maize,7.388,74.41027608543266,2993.5893548551567,9999.900000000003,84.53411764705885
Egypt,2015,Maize,7.354,74.35890493944673,2712.7285383709627,9999.900000000001,101.82687499999997
Egypt,2014,Maize,7.757000000000001,74.06472828280768,3202.771112923522,9999.900000000001,81.73548387096771
Egypt,2013,Maize,7.725,72.87985611325928,3720.6816328433174,9999.900000000003,86.60628571428572
Egypt,2012,Maize,7.775,73.36340100917009,2938.965872793041,9999.900000000003,95.31176470588237
Egypt,2011,Maize,7.742999999999999,72.78913003116791,2662.5825321138004,9999.900000000001,83.03909090909089
Egypt,2010,Maize,7.266,75.65200435682415,3258.3231771743076,9999.900000000003,78.57861111111112
Egypt,2009,Maize,7.819,73.21783988134393,3271.9971941779677,9999.900000000003,106.35416666666663
Egypt,2008,Maize,7.907,73.34722471513984,3068.6497519796576,9999.900000000003,212.5517142857142
Egypt,2007,Maize,8.045,73.16506814470394,3269.4684389778877,9999.900000000003,131.68027777777777
Egypt,2006,Maize,8.365,73.19181233948918,2984.810703322813,9999.900000000003,186.6505882352941
Egypt,2005,Maize,8.12,73.02668249974354,2895.850941225041,9999.900000000001,82.74393939393936
Egypt,2004,Maize,7.904,73.24025511669167,2693.897478067257,9999.900000000001,82.94937499999996
Egypt,2003,Maize,7.83,73.22295761799656,2256.9379843373504,9999.9,70.4110344827586
Egypt,2002,Maize,7.678,72.99037974290346,1849.1740917818872,9999.899999999998,120.67481481481482
Egypt,2001,Maize,7.837000000000001,73.02089432534827,1705.7408606809072,9999.899999999996,109.09692307692308
Egypt,2000,Maize,7.857,71.38001983059519,1776.8196650697814,9999.899999999996,178.2124
Egypt,2018,Rice (milled),9.703,75.09549789785851,3295.592951810712,9999.900000000001,101.69322580645161
Egypt,2017,Rice (milled),9.73,74.0980277164831,3198.672116036469,9999.900000000003,60.748
Egypt,2016,Rice (milled),9.525,74.41027608543266,2993.5893548551567,9999.900000000003,84.53411764705885
Egypt,2015,Rice (milled),9.292,74.35890493944673,2712.7285383709627,9999.900000000001,101.82687499999997
Egypt,2014,Rice (milled),9.482999999999999,74.06472828280768,3202.771112923522,9999.900000000001,81.73548387096771
Egypt,2013,Rice (milled),9.591000000000001,72.87985611325928,3720.6816328433174,9999.900000000003,86.60628571428572
Egypt,2012,Rice (milled),9.53,73.36340100917009,2938.965872793041,9999.900000000003,95.31176470588237
Egypt,2011,Rice (milled),9.57,72.78913003116791,2662.5825321138004,9999.900000000001,83.03909090909089
Egypt,2010,Rice (milled),9.422,75.65200435682415,3258.3231771743076,9999.900000000003,78.57861111111112
Egypt,2009,Rice (milled),9.593,73.21783988134393,3271.9971941779677,9999.900000000003,106.35416666666663
Egypt,2008,Rice (milled),9.732000000000001,73.34722471513984,3068.6497519796576,9999.900000000003,212.5517142857142
Egypt,2007,Rice (milled),9.767999999999999,73.16506814470394,3269.4684389778877,9999.900000000003,131.68027777777777
Egypt,2006,Rice (milled),10.07,73.19181233948918,2984.810703322813,9999.900000000003,186.6505882352941
Egypt,2005,Rice (milled),9.987,73.02668249974354,2895.850941225041,9999.900000000001,82.74393939393936
Egypt,2004,Rice (milled),9.833,73.24025511669167,2693.897478067257,9999.900000000001,82.94937499999996
Egypt,2003,Rice (milled),9.743,73.22295761799656,2256.9379843373504,9999.9,70.4110344827586
Egypt,2002,Rice (milled),9.228,72.99037974290346,1849.1740917818872,9999.899999999998,120.67481481481482
Egypt,2001,Rice (milled),9.28,73.02089432534827,1705.7408606809072,9999.899999999996,109.09692307692308
Egypt,2000,Rice (milled),9.105,71.38001983059519,1776.8196650697814,9999.899999999996,178.2124
Egypt,2018,Soybeans,2.5,75.09549789785851,3295.592951810712,9999.900000000001,101.69322580645161
Egypt,2017,Soybeans,2.5,74.0980277164831,3198.672116036469,9999.900000000003,60.748
Egypt,2016,Soybeans,2.5,74.41027608543266,2993.5893548551567,9999.900000000003,84.53411764705885
Egypt,2015,Soybeans,2.5,74.35890493944673,2712.7285383709627,9999.900000000001,101.82687499999997
Egypt,2014,Soybeans,2.8569999999999998,74.06472828280768,3202.771112923522,9999.900000000001,81.73548387096771
Egypt,2013,Soybeans,2.75,72.87985611325928,3720.6816328433174,9999.900000000003,86.60628571428572
Egypt,2012,Soybeans,2.889,73.36340100917009,2938.965872793041,9999.900000000003,95.31176470588237
Egypt,2011,Soybeans,2.3080000000000003,72.78913003116791,2662.5825321138004,9999.900000000001,83.03909090909089
Egypt,2010,Soybeans,3.3080000000000003,75.65200435682415,3258.3231771743076,9999.900000000003,78.57861111111112
Egypt,2009,Soybeans,2.0,73.21783988134393,3271.9971941779677,9999.900000000003,106.35416666666663
Egypt,2008,Soybeans,2.231,73.34722471513984,3068.6497519796576,9999.900000000003,212.5517142857142
Egypt,2007,Soybeans,2.0,73.16506814470394,3269.4684389778877,9999.900000000003,131.68027777777777
Egypt,2006,Soybeans,1.7690000000000001,73.19181233948918,2984.810703322813,9999.900000000003,186.6505882352941
Egypt,2005,Soybeans,2.0,73.02668249974354,2895.850941225041,9999.900000000001,82.74393939393936
Egypt,2004,Soybeans,3.3080000000000003,73.24025511669167,2693.897478067257,9999.900000000001,82.94937499999996
Egypt,2003,Soybeans,2.231,73.22295761799656,2256.9379843373504,9999.9,70.4110344827586
Egypt,2002,Soybeans,3.0,72.99037974290346,1849.1740917818872,9999.899999999998,120.67481481481482
Egypt,2001,Soybeans,3.0,73.02089432534827,1705.7408606809072,9999.899999999996,109.09692307692308
Egypt,2000,Soybeans,5.627000000000001,71.38001983059519,1776.8196650697814,9999.899999999996,178.2124
Egypt,2018,Wheat,6.358,75.09549789785851,3295.592951810712,9999.900000000001,101.69322580645161
Egypt,2017,Wheat,6.372999999999999,74.0980277164831,3198.672116036469,9999.900000000003,60.748
Egypt,2016,Wheat,6.824,74.41027608543266,2993.5893548551567,9999.900000000003,84.53411764705885
Egypt,2015,Wheat,6.59,74.35890493944673,2712.7285383709627,9999.900000000001,101.82687499999997
Egypt,2014,Wheat,6.5120000000000005,74.06472828280768,3202.771112923522,9999.900000000001,81.73548387096771
Egypt,2013,Wheat,6.667000000000001,72.87985611325928,3720.6816328433174,9999.900000000003,86.60628571428572
Egypt,2012,Wheat,6.582999999999999,73.36340100917009,2938.965872793041,9999.900000000003,95.31176470588237
Egypt,2011,Wheat,6.542000000000001,72.78913003116791,2662.5825321138004,9999.900000000001,83.03909090909089
Egypt,2010,Wheat,5.572,75.65200435682415,3258.3231771743076,9999.900000000003,78.57861111111112
Egypt,2009,Wheat,6.3839999999999995,73.21783988134393,3271.9971941779677,9999.900000000003,106.35416666666663
Egypt,2008,Wheat,6.501,73.34722471513984,3068.6497519796576,9999.900000000003,212.5517142857142
Egypt,2007,Wheat,6.4670000000000005,73.16506814470394,3269.4684389778877,9999.900000000003,131.68027777777777
Egypt,2006,Wheat,6.428999999999999,73.19181233948918,2984.810703322813,9999.900000000003,186.6505882352941
Egypt,2005,Wheat,6.492000000000001,73.02668249974354,2895.850941225041,9999.900000000001,82.74393939393936
Egypt,2004,Wheat,6.555,73.24025511669167,2693.897478067257,9999.900000000001,82.94937499999996
Egypt,2003,Wheat,6.5,73.22295761799656,2256.9379843373504,9999.9,70.4110344827586
Egypt,2002,Wheat,6.432,72.99037974290346,1849.1740917818872,9999.899999999998,120.67481481481482
Egypt,2001,Wheat,6.357,73.02089432534827,1705.7408606809072,9999.899999999996,109.09692307692308
Egypt,2000,Wheat,6.3420000000000005,71.38001983059519,1776.8196650697814,9999.899999999996,178.2124
Kazakhstan,2018,Maize,5.745,47.59213931394103,2906.4304052255934,2390.165679052927,5315.935574712637
Kazakhstan,2017,Maize,5.728,45.3273720688386,3101.4461011847307,2975.189527929316,7202.117111111105
Kazakhstan,2016,Maize,5.647,45.633592870364346,2931.187777494787,2801.2902862972683,8459.217582417577
Kazakhstan,2015,Maize,5.32,45.97405823174498,2746.056552335077,2649.551019956219,8117.595714285703
Kazakhstan,2014,Maize,5.27,44.31358377675207,2498.813651451997,2442.4559052663935,7416.2744565217345
Kazakhstan,2013,Maize,5.271,46.25480860139635,2660.1501899272357,2752.2249450713457,9893.184189189187
Kazakhstan,2012,Maize,5.204,43.206181977048644,2466.0325098671346,2561.6435891046713,8180.554109589028
Kazakhstan,2011,Maize,4.968999999999999,42.36174106964652,2433.9976548687364,2521.485722109443,9387.755999999998
Kazakhstan,2010,Maize,4.813,44.45002533927876,2418.997375040176,2512.062114241368,7746.948378378374
Kazakhstan,2009,Maize,4.76,43.112526456103936,2511.579101478909,2591.9899891674054,9054.208734177208
Kazakhstan,2008,Maize,4.423,44.4766546595147,2273.41972833853,2349.479278518256,7475.910374999994
Kazakhstan,2007,Maize,4.578,45.61545216654154,2084.4036687160874,2168.513640007822,8100.997721518982
Kazakhstan,2006,Maize,4.136,44.560656504717464,1891.5123954348796,1941.9791844805777,8915.750526315785
Kazakhstan,2005,Maize,4.235,45.02842888376892,2115.2725344185574,1975.4477337940978,5286.966842105261
Kazakhstan,2004,Maize,4.49,45.69656059398892,1983.3091698176656,1951.613031255135,4114.575857142852
Kazakhstan,2003,Maize,4.459,43.45527447036391,1582.7615714441388,4807.237496712735,3838.4619117647044
Kazakhstan,2002,Maize,4.104,45.80724150235273,1752.4472884789955,9999.900000000012,6140.562941176466
Kazakhstan,2001,Maize,3.765,44.644003802669275,1916.6659525392095,9541.70793016015,6767.1161290322525
Kazakhstan,2000,Maize,3.293,43.648751635972246,1524.3504141374451,9999.452288916571,6272.406909090905
Kazakhstan,2018,Rice (milled),4.7589999999999995,47.59213931394103,2906.4304052255934,2390.165679052927,5315.935574712637
Kazakhstan,2017,Rice (milled),4.684,45.3273720688386,3101.4461011847307,2975.189527929316,7202.117111111105
Kazakhstan,2016,Rice (milled),4.749,45.633592870364346,2931.187777494787,2801.2902862972683,8459.217582417577
Kazakhstan,2015,Rice (milled),4.273,45.97405823174498,2746.056552335077,2649.551019956219,8117.595714285703
Kazakhstan,2014,Rice (milled),3.9560000000000004,44.31358377675207,2498.813651451997,2442.4559052663935,7416.2744565217345
Kazakhstan,2013,Rice (milled),3.8510000000000004,46.25480860139635,2660.1501899272357,2752.2249450713457,9893.184189189187
Kazakhstan,2012,Rice (milled),3.772,43.206181977048644,2466.0325098671346,2561.6435891046713,8180.554109589028
Kazakhstan,2011,Rice (milled),3.717,42.36174106964652,2433.9976548687364,2521.485722109443,9387.755999999998
Kazakhstan,2010,Rice (milled),3.97,44.45002533927876,2418.997375040176,2512.062114241368,7746.948378378374
Kazakhstan,2009,Rice (milled),3.533,43.112526456103936,2511.579101478909,2591.9899891674054,9054.208734177208
Kazakhstan,2008,Rice (milled),3.3739999999999997,44.4766546595147,2273.41972833853,2349.479278518256,7475.910374999994
Kazakhstan,2007,Rice (milled),3.3680000000000003,45.61545216654154,2084.4036687160874,2168.513640007822,8100.997721518982
Kazakhstan,2006,Rice (milled),3.2969999999999997,44.560656504717464,1891.5123954348796,1941.9791844805777,8915.750526315785
Kazakhstan,2005,Rice (milled),3.352,45.02842888376892,2115.2725344185574,1975.4477337940978,5286.966842105261
Kazakhstan,2004,Rice (milled),3.615,45.69656059398892,1983.3091698176656,1951.613031255135,4114.575857142852
Kazakhstan,2003,Rice (milled),3.273,43.45527447036391,1582.7615714441388,4807.237496712735,3838.4619117647044
Kazakhstan,2002,Rice (milled),3.03,45.80724150235273,1752.4472884789955,9999.900000000012,6140.562941176466
Kazakhstan,2001,Rice (milled),2.8710000000000004,44.644003802669275,1916.6659525392095,9541.70793016015,6767.1161290322525
Kazakhstan,2000,Rice (milled),2.972,43.648751635972246,1524.3504141374451,9999.452288916571,6272.406909090905
Kazakhstan,2018,Soybeans,1.857,47.59213931394103,2906.4304052255934,2390.165679052927,5315.935574712637
Kazakhstan,2017,Soybeans,1.867,45.3273720688386,3101.4461011847307,2975.189527929316,7202.117111111105
Kazakhstan,2016,Soybeans,1.791,45.633592870364346,2931.187777494787,2801.2902862972683,8459.217582417577
Kazakhstan,2015,Soybeans,2.0,45.97405823174498,2746.056552335077,2649.551019956219,8117.595714285703
Kazakhstan,2014,Soybeans,1.8319999999999999,44.31358377675207,2498.813651451997,2442.4559052663935,7416.2744565217345
Kazakhstan,2013,Soybeans,1.9709999999999999,46.25480860139635,2660.1501899272357,2752.2249450713457,9893.184189189187
Kazakhstan,2012,Soybeans,2.0,43.206181977048644,2466.0325098671346,2561.6435891046713,8180.554109589028
Kazakhstan,2011,Soybeans,2.013,42.36174106964652,2433.9976548687364,2521.485722109443,9387.755999999998
Kazakhstan,2010,Soybeans,1.839,44.45002533927876,2418.997375040176,2512.062114241368,7746.948378378374
Kazakhstan,2009,Soybeans,1.774,43.112526456103936,2511.579101478909,2591.9899891674054,9054.208734177208
Kazakhstan,2008,Soybeans,1.745,44.4766546595147,2273.41972833853,2349.479278518256,7475.910374999994
Kazakhstan,2007,Soybeans,1.3459999999999999,45.61545216654154,2084.4036687160874,2168.513640007822,8100.997721518982
Kazakhstan,2006,Soybeans,1.2,44.560656504717464,1891.5123954348796,1941.9791844805777,8915.750526315785
Kazakhstan,2005,Soybeans,1.25,45.02842888376892,2115.2725344185574,1975.4477337940978,5286.966842105261
Kazakhstan,2004,Soybeans,1.25,45.69656059398892,1983.3091698176656,1951.613031255135,4114.575857142852
Kazakhstan,2003,Soybeans,1.25,43.45527447036391,1582.7615714441388,4807.237496712735,3838.4619117647044
Kazakhstan,2002,Soybeans,1.0,45.80724150235273,1752.4472884789955,9999.900000000012,6140.562941176466
Kazakhstan,2001,Soybeans,1.0,44.644003802669275,1916.6659525392095,9541.70793016015,6767.1161290322525
Kazakhstan,2000,Soybeans,1.0,43.648751635972246,1524.3504141374451,9999.452288916571,6272.406909090905
Kazakhstan,2018,Wheat,1.228,47.59213931394103,2906.4304052255934,2390.165679052927,5315.935574712637
Kazakhstan,2017,Wheat,1.2429999999999999,45.3273720688386,3101.4461011847307,2975.189527929316,7202.117111111105
Kazakhstan,2016,Wheat,1.2109999999999999,45.633592870364346,2931.187777494787,2801.2902862972683,8459.217582417577
Kazakhstan,2015,Wheat,1.188,45.97405823174498,2746.056552335077,2649.551019956219,8117.595714285703
Kazakhstan,2014,Wheat,1.09,44.31358377675207,2498.813651451997,2442.4559052663935,7416.2744565217345
Kazakhstan,2013,Wheat,1.064,46.25480860139635,2660.1501899272357,2752.2249450713457,9893.184189189187
Kazakhstan,2012,Wheat,0.7290000000000001,43.206181977048644,2466.0325098671346,2561.6435891046713,8180.554109589028
Kazakhstan,2011,Wheat,1.641,42.36174106964652,2433.9976548687364,2521.485722109443,9387.755999999998
Kazakhstan,2010,Wheat,0.6759999999999999,44.45002533927876,2418.997375040176,2512.062114241368,7746.948378378374
Kazakhstan,2009,Wheat,1.156,43.112526456103936,2511.579101478909,2591.9899891674054,9054.208734177208
Kazakhstan,2008,Wheat,0.93,44.4766546595147,2273.41972833853,2349.479278518256,7475.910374999994
Kazakhstan,2007,Wheat,1.2770000000000001,45.61545216654154,2084.4036687160874,2168.513640007822,8100.997721518982
Kazakhstan,2006,Wheat,1.083,44.560656504717464,1891.5123954348796,1941.9791844805777,8915.750526315785
Kazakhstan,2005,Wheat,0.885,45.02842888376892,2115.2725344185574,1975.4477337940978,5286.966842105261
Kazakhstan,2004,Wheat,0.831,45.69656059398892,1983.3091698176656,1951.613031255135,4114.575857142852
Kazakhstan,2003,Wheat,1.015,43.45527447036391,1582.7615714441388,4807.237496712735,3838.4619117647044
Kazakhstan,2002,Wheat,1.094,45.80724150235273,1752.4472884789955,9999.900000000012,6140.562941176466
Kazakhstan,2001,Wheat,1.167,44.644003802669275,1916.6659525392095,9541.70793016015,6767.1161290322525
Kazakhstan,2000,Wheat,0.905,43.648751635972246,1524.3504141374451,9999.452288916571,6272.406909090905
Mexico,2018,Maize,3.782,73.93389393760837,2305.4550618012177,5188.920609371746,2324.3422764227616
Mexico,2017,Maize,3.7880000000000003,74.0970040392632,2141.3614035842597,5179.566018693294,1975.5026829268286
Mexico,2016,Maize,3.718,73.9378758804188,2379.3514290567837,5358.701843859395,1985.744296875
Mexico,2015,Maize,3.4789999999999996,73.89867137935899,2314.4550820452832,5418.557433342119,2285.125546874999
Mexico,2014,Maize,3.2960000000000003,73.36316230437515,2205.916621045225,5398.9289280511875,2072.5082031249995
Mexico,2013,Maize,3.194,73.43094693946809,2194.088645369117,5433.748586641057,1995.6942968749986
Mexico,2012,Maize,3.188,73.83684155741484,2060.0006490302685,5375.958448247081,1771.563178294573
Mexico,2011,Maize,2.906,74.05682049073651,2069.4694147078367,5366.196294084465,1705.9376190476194
Mexico,2010,Maize,3.26,73.12584127730354,2172.6804313862563,5552.767132266379,2164.0419512195126
Mexico,2009,Maize,3.237,73.99270014413078,2174.4886870691575,5367.588909741241,1966.506083333333
Mexico,2008,Maize,3.307,73.06762929238384,2064.847219837298,5444.384912441234,2176.454434782607
Mexico,2007,Maize,3.2060000000000004,73.35019957886657,2189.297833625949,5464.772178578767,2306.0173043478253
Mexico,2006,Maize,3.0010000000000003,73.84076297241214,2230.849367380937,5457.734714423263,2348.4534210526313
Mexico,2005,Maize,2.927,74.06071729955973,2342.886241925991,5406.034231328425,1716.5392307692312
Mexico,2004,Maize,2.818,73.25674172761411,2634.572452313581,5644.320768617766,1920.6238596491223
Mexico,2003,Maize,2.752,73.873808804178,4191.738989312741,5240.964781853514,1505.0316964285705
Mexico,2002,Maize,2.7110000000000003,73.23195164248942,4215.521215806683,5346.668762345026,1947.1771428571412
Mexico,2001,Maize,2.5780000000000003,73.04597330164344,4363.074722167464,5332.910441131024,2438.078198198197
Mexico,2000,Maize,2.4619999999999997,73.32880165352712,4834.155405606083,5385.378685656432,2312.456272727271
Mexico,2018,Rice (milled),6.4639999999999995,73.93389393760837,2305.4550618012177,5188.920609371746,2324.3422764227616
Mexico,2017,Rice (milled),6.547000000000001,74.0970040392632,2141.3614035842597,5179.566018693294,1975.5026829268286
Mexico,2016,Rice (milled),6.21,73.9378758804188,2379.3514290567837,5358.701843859395,1985.744296875
Mexico,2015,Rice (milled),5.782,73.89867137935899,2314.4550820452832,5418.557433342119,2285.125546874999
Mexico,2014,Rice (milled),5.934,73.36316230437515,2205.916621045225,5398.9289280511875,2072.5082031249995
Mexico,2013,Rice (milled),5.4239999999999995,73.43094693946809,2194.088645369117,5433.748586641057,1995.6942968749986
Mexico,2012,Rice (milled),5.516,73.83684155741484,2060.0006490302685,5375.958448247081,1771.563178294573
Mexico,2011,Rice (milled),5.164,74.05682049073651,2069.4694147078367,5366.196294084465,1705.9376190476194
Mexico,2010,Rice (milled),5.42,73.12584127730354,2172.6804313862563,5552.767132266379,2164.0419512195126
Mexico,2009,Rice (milled),4.704,73.99270014413078,2174.4886870691575,5367.588909741241,1966.506083333333
Mexico,2008,Rice (milled),4.512,73.06762929238384,2064.847219837298,5444.384912441234,2176.454434782607
Mexico,2007,Rice (milled),4.067,73.35019957886657,2189.297833625949,5464.772178578767,2306.0173043478253
Mexico,2006,Rice (milled),4.729,73.84076297241214,2230.849367380937,5457.734714423263,2348.4534210526313
Mexico,2005,Rice (milled),5.085,74.06071729955973,2342.886241925991,5406.034231328425,1716.5392307692312
Mexico,2004,Rice (milled),4.434,73.25674172761411,2634.572452313581,5644.320768617766,1920.6238596491223
Mexico,2003,Rice (milled),4.658,73.873808804178,4191.738989312741,5240.964781853514,1505.0316964285705
Mexico,2002,Rice (milled),4.511,73.23195164248942,4215.521215806683,5346.668762345026,1947.1771428571412
Mexico,2001,Rice (milled),4.293,73.04597330164344,4363.074722167464,5332.910441131024,2438.078198198197
Mexico,2000,Rice (milled),4.091,73.32880165352712,4834.155405606083,5385.378685656432,2312.456272727271
Mexico,2018,Soybeans,1.429,73.93389393760837,2305.4550618012177,5188.920609371746,2324.3422764227616
Mexico,2017,Soybeans,1.536,74.0970040392632,2141.3614035842597,5179.566018693294,1975.5026829268286
Mexico,2016,Soybeans,1.8,73.9378758804188,2379.3514290567837,5358.701843859395,1985.744296875
Mexico,2015,Soybeans,1.3430000000000002,73.89867137935899,2314.4550820452832,5418.557433342119,2285.125546874999
Mexico,2014,Soybeans,1.725,73.36316230437515,2205.916621045225,5398.9289280511875,2072.5082031249995
Mexico,2013,Soybeans,1.58,73.43094693946809,2194.088645369117,5433.748586641057,1995.6942968749986
Mexico,2012,Soybeans,1.6469999999999998,73.83684155741484,2060.0006490302685,5375.958448247081,1771.563178294573
Mexico,2011,Soybeans,2.044,74.05682049073651,2069.4694147078367,5366.196294084465,1705.9376190476194
Mexico,2010,Soybeans,1.933,73.12584127730354,2172.6804313862563,5552.767132266379,2164.0419512195126
Mexico,2009,Soybeans,1.3780000000000001,73.99270014413078,2174.4886870691575,5367.588909741241,1966.506083333333
Mexico,2008,Soybeans,1.273,73.06762929238384,2064.847219837298,5444.384912441234,2176.454434782607
Mexico,2007,Soybeans,1.383,73.35019957886657,2189.297833625949,5464.772178578767,2306.0173043478253
Mexico,2006,Soybeans,3.117,73.84076297241214,2230.849367380937,5457.734714423263,2348.4534210526313
Mexico,2005,Soybeans,2.2840000000000003,74.06071729955973,2342.886241925991,5406.034231328425,1716.5392307692312
Mexico,2004,Soybeans,1.925,73.25674172761411,2634.572452313581,5644.320768617766,1920.6238596491223
Mexico,2003,Soybeans,1.806,73.873808804178,4191.738989312741,5240.964781853514,1505.0316964285705
Mexico,2002,Soybeans,1.776,73.23195164248942,4215.521215806683,5346.668762345026,1947.1771428571412
Mexico,2001,Soybeans,1.649,73.04597330164344,4363.074722167464,5332.910441131024,2438.078198198197
Mexico,2000,Soybeans,1.4580000000000002,73.32880165352712,4834.155405606083,5385.378685656432,2312.456272727271
Mexico,2018,Wheat,5.4510000000000005,73.93389393760837,2305.4550618012177,5188.920609371746,2324.3422764227616
Mexico,2017,Wheat,4.378,74.0970040392632,2141.3614035842597,5179.566018693294,1975.5026829268286
Mexico,2016,Wheat,4.867,73.9378758804188,2379.3514290567837,5358.701843859395,1985.744296875
Mexico,2015,Wheat,4.526,73.89867137935899,2314.4550820452832,5418.557433342119,2285.125546874999
Mexico,2014,Wheat,5.164,73.36316230437515,2205.916621045225,5398.9289280511875,2072.5082031249995
Mexico,2013,Wheat,5.295,73.43094693946809,2194.088645369117,5433.748586641057,1995.6942968749986
Mexico,2012,Wheat,5.655,73.83684155741484,2060.0006490302685,5375.958448247081,1771.563178294573
Mexico,2011,Wheat,5.48,74.05682049073651,2069.4694147078367,5366.196294084465,1705.9376190476194
Mexico,2010,Wheat,5.404,73.12584127730354,2172.6804313862563,5552.767132266379,2164.0419512195126
Mexico,2009,Wheat,4.971,73.99270014413078,2174.4886870691575,5367.588909741241,1966.506083333333
Mexico,2008,Wheat,5.083,73.06762929238384,2064.847219837298,5444.384912441234,2176.454434782607
Mexico,2007,Wheat,5.079,73.35019957886657,2189.297833625949,5464.772178578767,2306.0173043478253
Mexico,2006,Wheat,5.412999999999999,73.84076297241214,2230.849367380937,5457.734714423263,2348.4534210526313
Mexico,2005,Wheat,4.748,74.06071729955973,2342.886241925991,5406.034231328425,1716.5392307692312
Mexico,2004,Wheat,4.481,73.25674172761411,2634.572452313581,5644.320768617766,1920.6238596491223
Mexico,2003,Wheat,4.489,73.873808804178,4191.738989312741,5240.964781853514,1505.0316964285705
Mexico,2002,Wheat,5.096,73.23195164248942,4215.521215806683,5346.668762345026,1947.1771428571412
Mexico,2001,Wheat,4.7669999999999995,73.04597330164344,4363.074722167464,5332.910441131024,2438.078198198197
Mexico,2000,Wheat,4.934,73.32880165352712,4834.155405606083,5385.378685656432,2312.456272727271
South Africa,2018,Maize,5.395,76.42806382408153,9999.9,9999.9,2254.9999999999977
South Africa,2017,Maize,5.86,72.85306228247168,9999.9,9999.9,1659.9099999999999
South Africa,2016,Maize,3.714,77.9498140122877,9999.9,9999.9,804.195
South Africa,2015,Maize,3.487,75.05979497354497,9999.9,9999.9,1074.07
South Africa,2014,Maize,4.768,76.94374413497053,9999.9,9999.9,258.1066666666667
South Africa,2013,Maize,3.8739999999999997,76.51233982665194,9999.9,9995.26634468734,445.1014285714286
South Africa,2012,Maize,4.062,75.0122341961989,9999.9,9999.9,1032.0725
South Africa,2011,Maize,3.821,75.93824973278089,9999.9,9999.9,603.204
South Africa,2010,Maize,4.113,80.22139276803183,9999.9,9999.9,994.8833333333333
South Africa,2009,Maize,4.3389999999999995,76.98205642612224,9999.9,9999.9,506.0871428571428
South Africa,2008,Maize,3.9930000000000003,75.19574465503788,9999.9,9999.9,787.6759999999999
South Africa,2007,Maize,2.533,71.65636399912937,8716.871428571429,8716.028571428571,605.9942857142856
South Africa,2006,Maize,3.4130000000000003,72.56820776255707,9999.9,9999.9,1310.11
South Africa,2005,Maize,3.635,77.00388404392764,9999.9,9999.9,681.84
South Africa,2004,Maize,3.031,72.34493316994676,9999.9,9999.9,268.63599999999997
South Africa,2003,Maize,2.658,76.96329394249904,9999.9,9999.9,188.37
South Africa,2002,Maize,2.852,73.4930744004919,9999.899999999998,9999.899999999998,154.073
South Africa,2001,Maize,2.411,77.5412263024332,9999.899999999998,9999.899999999998,204.14818181818183
South Africa,2000,Maize,2.998,73.59119653713562,9999.9,9999.9,358.50666666666655
South Africa,2018,Rice (milled),3.0,76.42806382408153,9999.9,9999.9,2254.9999999999977
South Africa,2017,Rice (milled),3.0,72.85306228247168,9999.9,9999.9,1659.9099999999999
South Africa,2016,Rice (milled),3.0,77.9498140122877,9999.9,9999.9,804.195
South Africa,2015,Rice (milled),3.0,75.05979497354497,9999.9,9999.9,1074.07
South Africa,2014,Rice (milled),3.0,76.94374413497053,9999.9,9999.9,258.1066666666667
South Africa,2013,Rice (milled),3.0,76.51233982665194,9999.9,9995.26634468734,445.1014285714286
South Africa,2012,Rice (milled),3.0,75.0122341961989,9999.9,9999.9,1032.0725
South Africa,2011,Rice (milled),3.0,75.93824973278089,9999.9,9999.9,603.204
South Africa,2010,Rice (milled),3.0,80.22139276803183,9999.9,9999.9,994.8833333333333
South Africa,2009,Rice (milled),3.0,76.98205642612224,9999.9,9999.9,506.0871428571428
South Africa,2008,Rice (milled),3.0,75.19574465503788,9999.9,9999.9,787.6759999999999
South Africa,2007,Rice (milled),3.0,71.65636399912937,8716.871428571429,8716.028571428571,605.9942857142856
South Africa,2006,Rice (milled),3.0,72.56820776255707,9999.9,9999.9,1310.11
South Africa,2005,Rice (milled),3.0,77.00388404392764,9999.9,9999.9,681.84
South Africa,2004,Rice (milled),3.0,72.34493316994676,9999.9,9999.9,268.63599999999997
South Africa,2003,Rice (milled),3.0,76.96329394249904,9999.9,9999.9,188.37
South Africa,2002,Rice (milled),3.0,73.4930744004919,9999.899999999998,9999.899999999998,154.073
South Africa,2001,Rice (milled),3.0,77.5412263024332,9999.899999999998,9999.899999999998,204.14818181818183
South Africa,2000,Rice (milled),3.0,73.59119653713562,9999.9,9999.9,358.50666666666655
South Africa,2018,Soybeans,1.9709999999999999,76.42806382408153,9999.9,9999.9,2254.9999999999977
South Africa,2017,Soybeans,2.293,72.85306228247168,9999.9,9999.9,1659.9099999999999
South Africa,2016,Soybeans,1.2930000000000001,77.9498140122877,9999.9,9999.9,804.195
South Africa,2015,Soybeans,2.127,75.05979497354497,9999.9,9999.9,1074.07
South Africa,2014,Soybeans,1.896,76.94374413497053,9999.9,9999.9,258.1066666666667
South Africa,2013,Soybeans,1.51,76.51233982665194,9999.9,9995.26634468734,445.1014285714286
South Africa,2012,Soybeans,1.383,75.0122341961989,9999.9,9999.9,1032.0725
South Africa,2011,Soybeans,1.69,75.93824973278089,9999.9,9999.9,603.204
South Africa,2010,Soybeans,1.8259999999999998,80.22139276803183,9999.9,9999.9,994.8833333333333
South Africa,2009,Soybeans,2.15,76.98205642612224,9999.9,9999.9,506.0871428571428
South Africa,2008,Soybeans,1.128,75.19574465503788,9999.9,9999.9,787.6759999999999
South Africa,2007,Soybeans,1.0,71.65636399912937,8716.871428571429,8716.028571428571,605.9942857142856
South Africa,2006,Soybeans,2.12,72.56820776255707,9999.9,9999.9,1310.11
South Africa,2005,Soybeans,1.138,77.00388404392764,9999.9,9999.9,681.84
South Africa,2004,Soybeans,1.1,72.34493316994676,9999.9,9999.9,268.63599999999997
South Africa,2003,Soybeans,0.9129999999999999,76.96329394249904,9999.9,9999.9,188.37
South Africa,2002,Soybeans,2.02,73.4930744004919,9999.899999999998,9999.899999999998,154.073
South Africa,2001,Soybeans,1.692,77.5412263024332,9999.899999999998,9999.899999999998,204.14818181818183
South Africa,2000,Soybeans,1.111,73.59119653713562,9999.9,9999.9,358.50666666666655
South Africa,2018,Wheat,3.6,76.42806382408153,9999.9,9999.9,2254.9999999999977
South Africa,2017,Wheat,3.04,72.85306228247168,9999.9,9999.9,1659.9099999999999
South Africa,2016,Wheat,3.7039999999999997,77.9498140122877,9999.9,9999.9,804.195
South Africa,2015,Wheat,2.945,75.05979497354497,9999.9,9999.9,1074.07
South Africa,2014,Wheat,3.68,76.94374413497053,9999.9,9999.9,258.1066666666667
South Africa,2013,Wheat,3.641,76.51233982665194,9999.9,9995.26634468734,445.1014285714286
South Africa,2012,Wheat,3.6069999999999998,75.0122341961989,9999.9,9999.9,1032.0725
South Africa,2011,Wheat,3.3289999999999997,75.93824973278089,9999.9,9999.9,603.204
South Africa,2010,Wheat,2.573,80.22139276803183,9999.9,9999.9,994.8833333333333
South Africa,2009,Wheat,3.0589999999999997,76.98205642612224,9999.9,9999.9,506.0871428571428
South Africa,2008,Wheat,2.904,75.19574465503788,9999.9,9999.9,787.6759999999999
South Africa,2007,Wheat,3.014,71.65636399912937,8716.871428571429,8716.028571428571,605.9942857142856
South Africa,2006,Wheat,2.752,72.56820776255707,9999.9,9999.9,1310.11
South Africa,2005,Wheat,2.366,77.00388404392764,9999.9,9999.9,681.84
South Africa,2004,Wheat,2.024,72.34493316994676,9999.9,9999.9,268.63599999999997
South Africa,2003,Wheat,2.068,76.96329394249904,9999.9,9999.9,188.37
South Africa,2002,Wheat,2.591,73.4930744004919,9999.899999999998,9999.899999999998,154.073
South Africa,2001,Wheat,2.611,77.5412263024332,9999.899999999998,9999.899999999998,204.14818181818183
South Africa,2000,Wheat,2.843,73.59119653713562,9999.9,9999.9,358.50666666666655
Turkey,2018,Maize,8.419,61.91134534098302,5981.8115530228315,4989.067595984142,1500.0977702702687
Turkey,2017,Maize,8.912,59.877697157761844,5863.363113888788,4822.104218576065,1763.0028776978413
Turkey,2016,Maize,9.412,60.078881636822366,5764.770518524959,4656.9717025794425,1528.2803521126755
Turkey,2015,Maize,9.302,59.486055424420925,5537.727072285059,4480.743581011566,1261.2420805369118
Turkey,2014,Maize,9.029,60.78291349193203,5422.844308067285,4362.483932310156,1646.273422818791
Turkey,2013,Maize,8.939,60.44372442561574,5521.887562537231,4498.291788393198,2361.816800000002
Turkey,2012,Maize,7.3839999999999995,59.62755265693355,5662.45500332491,4912.184224216635,4480.089999999994
Turkey,2011,Maize,7.131,57.620536119267044,5499.323321829886,4682.997591654235,3938.248307692308
Turkey,2010,Maize,7.256,62.144897991238565,5041.84284241992,4082.1791104438844,3393.889837398373
Turkey,2009,Maize,7.178999999999999,59.35473379828263,4809.144247807436,3607.543733383986,3856.762413793104
Turkey,2008,Maize,7.183,59.89637544797797,4735.795313542527,3645.9790824977854,2287.2237606837593
Turkey,2007,Maize,6.824,57.18430984080863,5092.063455921001,3870.0123001374454,1193.7999130434785
Turkey,2006,Maize,7.11,57.211756331479464,6501.067327617195,5517.076258069151,1976.0617948717945
Turkey,2005,Maize,7.0,57.67150929418554,6328.586577587532,5349.890752018083,2237.7536842105233
Turkey,2004,Maize,5.505,57.92859276421316,6286.512441944136,5756.268825648548,1696.5066666666648
Turkey,2003,Maize,5.0,55.73638759153418,5218.595846449966,6536.278144427911,1142.4378723404243
Turkey,2002,Maize,4.2,55.62376602814626,5748.095030007383,7116.556019539986,1440.9472368421038
Turkey,2001,Maize,4.0,59.30056734016606,5611.239261654149,7047.70228656988,1533.890285714285
Turkey,2000,Maize,4.144,56.96978018853675,5868.9233736579645,7480.292290652257,1511.36106060606
Turkey,2018,Rice (milled),8.174,61.91134534098302,5981.8115530228315,4989.067595984142,1500.0977702702687
Turkey,2017,Rice (milled),8.219,59.877697157761844,5863.363113888788,4822.104218576065,1763.0028776978413
Turkey,2016,Rice (milled),7.9239999999999995,60.078881636822366,5764.770518524959,4656.9717025794425,1528.2803521126755
Turkey,2015,Rice (milled),7.938,59.486055424420925,5537.727072285059,4480.743581011566,1261.2420805369118
Turkey,2014,Rice (milled),7.643,60.78291349193203,5422.844308067285,4362.483932310156,1646.273422818791
Turkey,2013,Rice (milled),8.137,60.44372442561574,5521.887562537231,4498.291788393198,2361.816800000002
Turkey,2012,Rice (milled),7.352,59.62755265693355,5662.45500332491,4912.184224216635,4480.089999999994
Turkey,2011,Rice (milled),9.054,57.620536119267044,5499.323321829886,4682.997591654235,3938.248307692308
Turkey,2010,Rice (milled),8.687000000000001,62.144897991238565,5041.84284241992,4082.1791104438844,3393.889837398373
Turkey,2009,Rice (milled),7.78,59.35473379828263,4809.144247807436,3607.543733383986,3856.762413793104
Turkey,2008,Rice (milled),7.568,59.89637544797797,4735.795313542527,3645.9790824977854,2287.2237606837593
Turkey,2007,Rice (milled),6.9079999999999995,57.18430984080863,5092.063455921001,3870.0123001374454,1193.7999130434785
Turkey,2006,Rice (milled),7.03,57.211756331479464,6501.067327617195,5517.076258069151,1976.0617948717945
Turkey,2005,Rice (milled),7.067,57.67150929418554,6328.586577587532,5349.890752018083,2237.7536842105233
Turkey,2004,Rice (milled),7.0,57.92859276421316,6286.512441944136,5756.268825648548,1696.5066666666648
Turkey,2003,Rice (milled),5.723,55.73638759153418,5218.595846449966,6536.278144427911,1142.4378723404243
Turkey,2002,Rice (milled),6.02,55.62376602814626,5748.095030007383,7116.556019539986,1440.9472368421038
Turkey,2001,Rice (milled),6.102,59.30056734016606,5611.239261654149,7047.70228656988,1533.890285714285
Turkey,2000,Rice (milled),6.045,56.96978018853675,5868.9233736579645,7480.292290652257,1511.36106060606
Turkey,2018,Soybeans,3.5,61.91134534098302,5981.8115530228315,4989.067595984142,1500.0977702702687
Turkey,2017,Soybeans,3.475,59.877697157761844,5863.363113888788,4822.104218576065,1763.0028776978413
Turkey,2016,Soybeans,4.1,60.078881636822366,5764.770518524959,4656.9717025794425,1528.2803521126755
Turkey,2015,Soybeans,4.571000000000001,59.486055424420925,5537.727072285059,4480.743581011566,1261.2420805369118
Turkey,2014,Soybeans,4.257,60.78291349193203,5422.844308067285,4362.483932310156,1646.273422818791
Turkey,2013,Soybeans,4.5,60.44372442561574,5521.887562537231,4498.291788393198,2361.816800000002
Turkey,2012,Soybeans,3.486,59.62755265693355,5662.45500332491,4912.184224216635,4480.089999999994
Turkey,2011,Soybeans,3.486,57.620536119267044,5499.323321829886,4682.997591654235,3938.248307692308
Turkey,2010,Soybeans,2.9,62.144897991238565,5041.84284241992,4082.1791104438844,3393.889837398373
Turkey,2009,Soybeans,1.2670000000000001,59.35473379828263,4809.144247807436,3607.543733383986,3856.762413793104
Turkey,2008,Soybeans,1.133,59.89637544797797,4735.795313542527,3645.9790824977854,2287.2237606837593
Turkey,2007,Soybeans,1.033,57.18430984080863,5092.063455921001,3870.0123001374454,1193.7999130434785
Turkey,2006,Soybeans,1.567,57.211756331479464,6501.067327617195,5517.076258069151,1976.0617948717945
Turkey,2005,Soybeans,0.9670000000000001,57.67150929418554,6328.586577587532,5349.890752018083,2237.7536842105233
Turkey,2004,Soybeans,1.6669999999999998,57.92859276421316,6286.512441944136,5756.268825648548,1696.5066666666648
Turkey,2003,Soybeans,2.833,55.73638759153418,5218.595846449966,6536.278144427911,1142.4378723404243
Turkey,2002,Soybeans,3.167,55.62376602814626,5748.095030007383,7116.556019539986,1440.9472368421038
Turkey,2001,Soybeans,2.3480000000000003,59.30056734016606,5611.239261654149,7047.70228656988,1533.890285714285
Turkey,2000,Soybeans,2.647,56.96978018853675,5868.9233736579645,7480.292290652257,1511.36106060606
Turkey,2018,Wheat,2.576,61.91134534098302,5981.8115530228315,4989.067595984142,1500.0977702702687
Turkey,2017,Wheat,2.773,59.877697157761844,5863.363113888788,4822.104218576065,1763.0028776978413
Turkey,2016,Wheat,2.685,60.078881636822366,5764.770518524959,4656.9717025794425,1528.2803521126755
Turkey,2015,Wheat,2.873,59.486055424420925,5537.727072285059,4480.743581011566,1261.2420805369118
Turkey,2014,Wheat,2.399,60.78291349193203,5422.844308067285,4362.483932310156,1646.273422818791
Turkey,2013,Wheat,2.8369999999999997,60.44372442561574,5521.887562537231,4498.291788393198,2361.816800000002
Turkey,2012,Wheat,2.6689999999999996,59.62755265693355,5662.45500332491,4912.184224216635,4480.089999999994
Turkey,2011,Wheat,2.693,57.620536119267044,5499.323321829886,4682.997591654235,3938.248307692308
Turkey,2010,Wheat,2.428,62.144897991238565,5041.84284241992,4082.1791104438844,3393.889837398373
Turkey,2009,Wheat,2.543,59.35473379828263,4809.144247807436,3607.543733383986,3856.762413793104
Turkey,2008,Wheat,2.198,59.89637544797797,4735.795313542527,3645.9790824977854,2287.2237606837593
Turkey,2007,Wheat,2.128,57.18430984080863,5092.063455921001,3870.0123001374454,1193.7999130434785
Turkey,2006,Wheat,2.3569999999999998,57.211756331479464,6501.067327617195,5517.076258069151,1976.0617948717945
Turkey,2005,Wheat,2.324,57.67150929418554,6328.586577587532,5349.890752018083,2237.7536842105233
Turkey,2004,Wheat,2.258,57.92859276421316,6286.512441944136,5756.268825648548,1696.5066666666648
Turkey,2003,Wheat,2.088,55.73638759153418,5218.595846449966,6536.278144427911,1142.4378723404243
Turkey,2002,Wheat,2.097,55.62376602814626,5748.095030007383,7116.556019539986,1440.9472368421038
Turkey,2001,Wheat,2.033,59.30056734016606,5611.239261654149,7047.70228656988,1533.890285714285
Turkey,2000,Wheat,2.235,56.96978018853675,5868.9233736579645,7480.292290652257,1511.36106060606
