stn,year,f0_
110010,2011,48.251790633608806
110080,2011,47.5107438016529
110100,2011,50.568767123287664
110120,2011,50.021369863013696
110150,2011,47.34349030470914
110161,2011,52.1
110162,2011,55.22958904109589
110165,2011,53.85452054794521
110180,2011,50.27444444444445
110190,2011,46.99201101928374
110200,2011,46.07768595041321
110210,2011,46.7900826446281
110220,2011,50.97013698630137
110240,2011,45.1378453038674
110300,2011,52.36876712328767
110320,2011,50.68071625344353
110340,2011,54.24132231404959
110350,2011,52.19068493150685
110360,2011,51.273424657534235
110400,2011,52.22644628099175
110510,2011,49.82148760330579
110530,2011,49.57513812154698
110550,2011,50.01983471074381
110600,2011,51.63085399449036
110700,2011,51.19146005509643
110750,2011,50.89834710743801
110780,2011,47.65895316804409
110820,2011,52.57768595041322
111010,2011,51.01698630136986
111050,2011,51.08209366391185
111090,2011,39.8
111100,2011,37.47479224376732
111120,2011,49.15647382920109
111200,2011,49.41424657534247
111260,2011,35.35757575757576
111270,2011,38.44049586776858
111300,2011,48.998351648351644
111360,2011,44.90361111111112
111370,2011,45.328099173553724
111380,2011,34.265469613259675
111410,2011,47.55757575757575
111420,2011,48.99224376731302
111440,2011,47.966849315068494
111460,2011,25.91
111470,2011,45.42892561983471
111480,2011,42.923691460055096
111490,2011,39.03526170798898
111500,2011,49.90876712328766
111520,2011,49.28595041322313
111530,2011,49.052617079889814
111540,2011,50.486813186813194
111550,2011,41.243013698630136
111570,2011,47.091780821917816
111650,2011,47.18767123287671
111700,2011,45.60137741046831
111730,2011,46.020661157024804
111740,2011,47.529201101928365
111800,2011,40.66298342541436
111820,2011,50.86170798898072
111850,2011,46.35718232044198
111900,2011,51.96
111920,2011,49.61570247933885
111940,2011,52.53719008264463
112040,2011,48.148219178082186
112120,2011,36.89972222222222
112130,2011,49.60743801652892
112250,2011,45.49256198347107
112290,2011,48.50909090909091
112310,2011,49.113972602739715
112320,2011,47.97575757575758
112400,2011,49.94849315068492
112410,2011,42.10195530726257
112440,2011,50.33643835616438
112480,2011,51.31515151515152
112520,2011,45.10798898071625
112550,2011,47.908264462809925
112610,2011,48.53149171270718
112700,2011,47.66391184573003
112750,2011,46.259228650137736
112800,2011,46.18071625344352
112920,2011,50.38457300275483
113020,2011,52.617534246575346
113080,2011,42.45730027548209
113100,2011,36.27961432506886
113400,2011,31.523036649214664
113430,2011,25.607713498622587
113450,2011,47.03545706371191
113460,2011,43.90964187327824
113480,2011,43.361707988980726
113500,2011,50.201928374655644
113510,2011,44.04269972451791
113540,2011,48.317032967032965
113550,2011,47.68489010989011
113560,2011,47.31515151515152
113570,2011,49.61169916434541
113580,2011,44.474380165289254
113700,2011,48.63019390581717
113800,2011,49.152892561983464
113820,2011,48.04709141274239
113840,2011,42.10743801652892
113850,2011,46.520936639118474
113890,2011,50.820821917808225
170200,2011,55.47142857142856
170220,2011,56.77534246575341
170223,2011,48.85333333333333
170240,2011,57.25260273972602
170260,2011,57.806575342465756
170300,2011,61.09337016574585
170310,2011,56.300273972602746
170330,2011,60.52482269503546
170340,2011,58.192602739726034
170380,2011,58.338082191780806
170400,2011,56.280476190476186
170420,2011,58.74258241758242
170450,2011,54.400323624595465
170500,2011,59.33068493150686
170520,2011,55.566942148760326
170560,2011,58.29671232876712
170575,2011,54.64657534246575
170590,2011,57.79531249999999
170600,2011,58.85835616438357
170610,2011,59.02785923753665
170630,2011,71.69011627906978
170670,2011,57.781917808219184
170671,2011,52.09890410958904
170672,2011,53.578082191780815
170673,2011,56.410136986301374
170674,2011,56.99917808219177
170675,2011,64.73641975308641
170690,2011,59.596084337349396
170700,2011,52.38082191780823
170720,2011,52.369863013698634
170740,2011,53.14944751381215
170780,2011,56.186575342465744
170800,2011,50.159375000000004
170820,2011,51.86876712328767
170840,2011,51.73890410958905
170850,2011,67.90390243902439
170860,2011,53.66684931506848
170880,2011,50.44246575342465
170900,2011,45.618904109589046
170920,2011,51.009863013698634
170960,2011,40.487945205479456
170980,2011,39.5545205479452
170981,2011,69.40880681818182
170990,2011,44.26739726027396
171000,2011,45.439436619718315
171100,2011,47.896875
171110,2011,57.38131868131869
171120,2011,58.144931506849325
171150,2011,56.8027397260274
171160,2011,59.0441095890411
171170,2011,38.873333333333335
171185,2011,39.96666666666666
171190,2011,57.475744680851065
171200,2011,51.30821917808219
171240,2011,50.422465753424646
171280,2011,49.67232876712329
171290,2011,52.08657534246576
171295,2011,52.04383561643836
171300,2011,53.36931506849316
171350,2011,53.24657534246576
171400,2011,50.24054794520548
171450,2011,69.23734939759035
171500,2011,56.28493150684931
171550,2011,55.655068493150694
171600,2011,54.13945205479452
171650,2011,66.0732075471698
171700,2011,47.82821917808218
171750,2011,63.050328947368435
171800,2011,74.60499999999999
171840,2011,63.25616438356165
171860,2011,62.01448467966572
171880,2011,58.38164383561642
171890,2011,49.03205479452054
171900,2011,49.132602739726025
171920,2011,53.95548780487806
171930,2011,52.73301886792454
171950,2011,49.65369863013697
171990,2011,56.886301369863006
172000,2011,55.341095890410955
172005,2011,54.015342465753434
172006,2011,49.71753424657534
172020,2011,55.28356164383561
172030,2011,53.700547945205486
172043,2011,53.5372602739726
172050,2011,34.56964285714286
172100,2011,64.17479452054793
172180,2011,61.79397260273972
172189,2011,53.199999999999996
172190,2011,61.40602739726028
172191,2011,51.53333333333333
172200,2011,63.95561643835616
172320,2011,67.21501706484642
172340,2011,63.81808219178082
172370,2011,63.14794520547945
172375,2011,54.153972602739714
172380,2011,55.941643835616446
172400,2011,53.607123287671236
172410,2011,54.109041095890404
172440,2011,52.22246575342467
172480,2011,56.36785714285715
172500,2011,54.488186813186815
172550,2011,62.55698630136986
172600,2011,60.2758904109589
172620,2011,68.05685714285714
172650,2011,65.70229226361032
172700,2011,65.26565934065934
172734,2011,63.086301369863016
172750,2011,67.80307167235496
172800,2011,60.003287671232876
172820,2011,59.6145205479452
172850,2011,44.325
172900,2011,69.32458100558658
172920,2011,62.05753424657534
172950,2011,64.47369863013698
172960,2011,68.07919254658385
172970,2011,68.4827868852459
172980,2011,67.94619718309859
173000,2011,65.62630136986301
173020,2011,67.51095890410959
173100,2011,71.18328690807797
173200,2011,69.84309392265195
173300,2011,70.34010989010989
173400,2011,69.8107344632768
173500,2011,65.23972602739728
173520,2011,66.06657534246575
173550,2011,70.25815899581588
173700,2011,69.527397260274
173725,2011,63.685479452054786
173750,2011,69.99068493150685
286760,2011,38.63443113772455
286790,2011,-5.70967741935484
286880,2011,34.652054794520545
287660,2011,34.36082191780822
287860,2011,35.307671232876714
288670,2011,35.40191780821919
288790,2011,36.73753424657535
289520,2011,36.542465753424665
289660,2011,35.12383561643835
289780,2011,33.42273972602739
289840,2011,34.571506849315064
298020,2011,35.765479452054805
298070,2011,36.334794520547945
343980,2011,44.88082191780821
346910,2011,48.501369863013686
347980,2011,48.91698630136987
350670,2011,35.771232876712325
350675,2011,36.50657534246576
350780,2011,34.425479452054795
350850,2011,35.21068493150685
351080,2011,41.15150684931507
351730,2011,35.81753424657534
351880,2011,35.79150684931506
352170,2011,42.670410958904114
352290,2011,39.59561643835616
353020,2011,43.5158904109589
353570,2011,36.84438356164383
353580,2011,39.85671232876713
353940,2011,35.76301369863014
353941,2011,39.94294670846396
354060,2011,45.252876712328764
354160,2011,43.37232876712329
354260,2011,41.161643835616445
354970,2011,38.69890410958904
355320,2011,41.89150684931507
355760,2011,40.00438356164384
356710,2011,42.752876712328764
356990,2011,43.0427397260274
357000,2011,49.11123287671232
357460,2011,46.824657534246576
357960,2011,42.805753424657524
358490,2011,47.4868493150685
359250,2011,49.22465753424657
359530,2011,48.66328767123287
359690,2011,49.774794520547964
360030,2011,36.596438356164384
360380,2011,36.44575342465753
361520,2011,37.8186301369863
361770,2011,37.73123287671232
362080,2011,36.54109589041095
363970,2011,38.67095890410959
364280,2011,35.02246575342466
365350,2011,34.16054794520549
366390,2011,40.98109589041096
366860,2011,43.825205479452066
368210,2011,47.91534246575343
368215,2011,37.76685236768802
368590,2011,50.26164383561643
368640,2011,48.5095890410959
368700,2011,48.44712328767124
380010,2011,53.33945205479451
380620,2011,50.3013698630137
380690,2011,52.626849315068505
381110,2011,59.6136
381411,2011,47.55290858725762
381960,2011,51.42575342465753
381980,2011,55.33369863013698
382220,2011,50.007397260273976
382320,2011,54.90684931506849
383280,2011,56.014794520547945
383285,2011,56.485409252669044
383340,2011,53.31561643835618
383410,2011,50.98794520547946
383430,2011,50.30849315068493
384390,2011,57.83972602739725
623050,2011,66.01135734072022
623060,2011,68.11150684931508
623090,2011,68.55095890410958
623180,2011,69.52630136986302
623250,2011,69.5045584045584
623320,2011,70.65137362637365
623330,2011,70.6504109589041
623370,2011,70.10375426621162
623570,2011,70.56225352112675
623660,2011,71.86054794520548
623661,2011,78.83315068493151
623664,2011,64.20518518518517
623870,2011,71.62246575342465
623930,2011,72.166301369863
624030,2011,77.1436813186813
624050,2011,78.12570621468926
624140,2011,80.39090909090909
624170,2011,72.59555555555556
624190,2011,81.97356321839081
624200,2011,72.77643835616436
624230,2011,72.03150684931508
624320,2011,74.77369863013695
624350,2011,77.08219178082192
624400,2011,70.49397260273973
624520,2011,65.32451790633606
624550,2011,73.1038567493113
624580,2011,74.31863013698631
624590,2011,74.22739726027397
624630,2011,76.95342465753426
624639,2011,78.50888888888888
624650,2011,76.46895604395606
624655,2011,66.56501377410467
624760,2011,76.82325581395351
674420,2011,80.64
675610,2011,74.37540983606559
675990,2011,79.0
676650,2011,69.71942857142855
677430,2011,75.95641025641025
710010,2011,4.4437500000000005
710020,2011,2.7437500000000004
710030,2011,0.753846153846154
710050,2011,37.02127659574468
710060,2011,37.48353293413173
710070,2011,39.72550143266476
710080,2011,38.11136363636365
710090,2011,37.29661016949153
710100,2011,36.727113702623896
710110,2011,35.993457943925236
710120,2011,37.59628571428571
710130,2011,37.26445086705203
710140,2011,37.609677419354846
710150,2011,14.88812154696133
710160,2011,15.297808219178084
710170,2011,2.3719879518072284
710180,2011,7.334794520547943
710190,2011,40.389863013698616
710200,2011,29.60082191780822
710210,2011,29.097808219178084
710220,2011,44.91961325966851
710230,2011,35.64684931506849
710240,2011,30.98308157099698
710260,2011,42.264109589041084
710267,2011,42.36955017301038
710270,2011,44.4917808219178
710280,2011,38.635342465753425
710290,2011,13.748033707865169
710300,2011,44.487845303867395
710310,2011,48.47044198895027
710320,2011,41.42054794520548
710330,2011,26.99298245614035
710348,2011,39.07753424657534
710349,2011,32.09395604395605
710350,2011,36.407932011331454
710354,2011,41.409863013698626
710355,2011,31.354008438818564
710356,2011,17.432967032967028
710358,2011,23.723229461756375
710359,2011,45.035
710360,2011,36.73961218836565
710370,2011,50.10712328767123
710376,2011,33.75643835616438
710377,2011,27.753296703296705
710380,2011,48.36164383561644
710390,2011,26.67643835616438
710400,2011,38.43917808219177
710410,2011,44.17479452054794
710415,2011,47.151532033426186
710420,2011,48.88397626112759
710430,2011,24.106575342465753
710435,2011,22.15457227138643
710440,2011,17.947513812154696
710450,2011,30.81041095890411
710455,2011,29.676986301369865
710460,2011,14.323835616438359
710470,2011,37.566763848396505
710480,2011,38.794677871148465
710490,2011,8.516037735849055
710500,2011,35.194505494505506
710510,2011,38.81917808219178
710513,2011,9.669512195121952
710514,2011,39.4668493150685
710520,2011,17.13901098901099
710550,2011,19.176712328767124
710563,2011,36.99917582417582
710564,2011,30.922802197802195
710565,2011,20.725
710570,2011,38.16515580736544
710580,2011,15.81077348066298
710590,2011,15.575824175824172
710600,2011,12.323287671232876
710610,2011,37.30494505494506
710620,2011,38.20712328767124
710630,2011,45.89068493150685
710633,2011,30.400418410041844
710640,2011,9.37174515235457
710650,2011,35.894999999999996
710660,2011,32.09205479452056
710670,2011,36.573654390934834
710680,2011,35.92109589041096
710690,2011,36.75506849315069
710700,2011,41.24941520467837
710720,2011,34.10588235294118
710730,2011,38.29573863636364
710735,2011,16.584818481848185
710740,2011,12.55227272727273
710750,2011,28.112054794520542
710760,2011,28.490410958904107
710770,2011,35.37857142857144
710774,2011,36.88191780821918
710780,2011,29.40657142857143
710790,2011,29.55808219178082
710810,2011,9.89013698630137
710814,2011,10.94868804664723
710823,2011,5.912686567164179
710830,2011,14.945205479452056
710840,2011,9.429863013698633
710850,2011,48.06223404255319
710870,2011,28.673424657534248
710880,2011,12.64876712328767
710890,2011,37.04326647564469
710900,2011,11.67232876712329
710910,2011,12.376438356164382
710920,2011,10.477808219178081
710930,2011,13.158011049723756
710934,2011,18.367671232876713
710940,2011,15.227639751552795
710944,2011,13.562356321839081
710950,2011,9.427945205479453
710960,2011,13.45041095890411
710964,2011,13.863287671232879
710970,2011,17.213966480446928
710980,2011,33.588705234159775
710990,2011,25.6813698630137
711010,2011,46.329315068493145
711020,2011,36.359428571428566
711030,2011,39.65537190082645
711040,2011,38.8068493150685
711050,2011,39.828409090909105
711060,2011,49.01890410958904
711070,2011,48.96627218934911
711080,2011,49.71260273972604
711090,2011,46.28931506849315
711100,2011,16.73013698630137
711110,2011,46.38938547486033
711130,2011,49.37068493150685
711140,2011,48.40055096418732
711150,2011,45.78983050847457
711160,2011,40.609315068493146
711180,2011,37.991388888888885
711200,2011,37.26219178082191
711210,2011,37.70109589041095
711220,2011,41.009315068493144
711226,2011,35.70712328767123
711230,2011,36.4117808219178
711240,2011,38.19506849315069
711250,2011,38.18383561643835
711270,2011,38.347091412742394
711290,2011,37.63369863013699
711300,2011,35.80657534246575
711310,2011,36.7620786516854
711320,2011,29.18383561643835
711330,2011,35.96465753424658
711350,2011,38.89831460674158
711370,2011,38.06356164383562
711380,2011,36.95616438356164
711390,2011,37.58164383561643
711400,2011,37.28246575342465
711410,2011,33.6227397260274
711420,2011,47.21325966850829
711440,2011,19.884246575342466
711450,2011,33.16931506849315
711470,2011,39.26356164383562
711480,2011,37.44931506849316
711490,2011,39.137845303867394
711500,2011,35.289863013698636
711510,2011,39.29589041095891
711520,2011,16.538082191780827
711530,2011,41.560989010989005
711540,2011,40.554794520547944
711550,2011,36.30219178082191
711560,2011,35.90520547945206
711570,2011,39.22794520547946
711580,2011,47.8253112033195
711590,2011,41.47590027700831
711600,2011,23.259178082191777
711610,2011,45.74681440443213
711620,2011,26.247605633802813
711630,2011,24.966298342541435
711640,2011,21.353571428571428
711650,2011,30.0559375
711660,2011,28.434684684684683
711670,2011,35.87863247863248
711700,2011,37.13983050847456
711710,2011,49.46191780821918
711720,2011,44.67824858757062
711750,2011,43.95972602739727
711760,2011,8.707142857142857
711770,2011,21.927665706051872
711780,2011,40.433527696793
711790,2011,24.55944444444444
711800,2011,17.415068493150688
711810,2011,42.67114285714285
711820,2011,28.907162534435273
711840,2011,45.60805555555556
711850,2011,15.26958904109589
711855,2011,37.47260273972603
711860,2011,47.82701149425288
711870,2011,38.18739726027397
711880,2011,39.8013698630137
711890,2011,39.888219178082196
711900,2011,41.057808219178085
711910,2011,44.42931506849315
711920,2011,39.70861111111111
711930,2011,36.4152354570637
711960,2011,42.34450867052023
711966,2011,42.39081632653062
711970,2011,15.544192634560904
711980,2011,45.79917808219178
711990,2011,8.301643835616439
712000,2011,48.39260273972603
712010,2011,47.42217194570136
712020,2011,36.74215116279069
712030,2011,46.73643835616439
712060,2011,46.59068493150684
712070,2011,46.64010989010989
712080,2011,49.24410958904109
712090,2011,49.78154269972451
712110,2011,49.559259259259264
712120,2011,33.09970414201183
712130,2011,38.74376731301939
712140,2011,38.337534246575345
712150,2011,50.06465753424658
712160,2011,44.961388888888884
712170,2011,38.69752747252746
712180,2011,45.46219178082191
712190,2011,45.453372434017595
712200,2011,18.712054794520547
712210,2011,35.239999999999995
712220,2011,30.517260273972607
712230,2011,36.94972222222222
712240,2011,38.89917808219178
712250,2011,41.27178082191781
712260,2011,37.55945205479451
712270,2011,36.577808219178095
712280,2011,36.45643835616439
712290,2011,34.38131868131869
712300,2011,36.67493112947658
712310,2011,41.69369863013698
712320,2011,38.12739726027397
712330,2011,42.07399267399267
712340,2011,40.455342465753425
712350,2011,39.143013698630156
712360,2011,38.23506849315069
712370,2011,39.380609418282546
712380,2011,37.567307692307686
712390,2011,38.13175487465182
712400,2011,37.92520547945205
712420,2011,36.687362637362625
712430,2011,42.98839779005525
712440,2011,40.194214876033065
712450,2011,28.146264367816087
712460,2011,35.62164383561644
712470,2011,42.81256983240223
712480,2011,36.26438356164383
712490,2011,37.837808219178086
712500,2011,42.050974930362116
712510,2011,41.341095890410955
712520,2011,11.990235690235687
712530,2011,31.282258064516128
712540,2011,36.985205479452055
712550,2011,36.411232876712326
712560,2011,37.32602739726028
712570,2011,36.74082191780822
712580,2011,37.198904109589044
712590,2011,37.219452054794516
712600,2011,42.5117808219178
712610,2011,47.01260273972602
712625,2011,52.33671232876713
712630,2011,47.46986301369863
712640,2011,46.31810584958217
712643,2011,47.9641095890411
712650,2011,48.81589041095891
712670,2011,42.827665706051874
712690,2011,39.887945205479454
712700,2011,47.22479338842975
712710,2011,39.31726190476191
712720,2011,24.233858267716535
712730,2011,36.149720670391076
712740,2011,35.2268493150685
712750,2011,34.88383561643836
712760,2011,35.29150684931507
712770,2011,37.009863013698634
712780,2011,36.77561643835617
712790,2011,35.58191780821918
712810,2011,32.34777777777778
712820,2011,45.685205479452065
712830,2011,36.001744186046515
712840,2011,37.081415929203544
712850,2011,34.82767123287672
712860,2011,35.987671232876714
712870,2011,36.33324175824175
712880,2011,-2.7380952380952377
712890,2011,37.46876712328767
712900,2011,37.07604456824512
712910,2011,37.67561643835616
712920,2011,37.150793650793645
712940,2011,42.373888888888885
712950,2011,37.51369863013698
712960,2011,45.45260273972602
712970,2011,48.5627397260274
712980,2011,49.57543352601156
712990,2011,35.03059490084986
713000,2011,46.212250712250714
713010,2011,37.98383561643836
713020,2011,37.60454545454546
713030,2011,57.08029739776952
713050,2011,39.62921348314606
713060,2011,24.601098901098894
713070,2011,22.007042253521128
713080,2011,45.314246575342466
713090,2011,1.7085714285714286
713100,2011,43.73479452054796
713110,2011,44.36136986301369
713120,2011,33.907492795389054
713130,2011,37.12219178082192
713140,2011,19.143943661971836
713150,2011,39.82727272727273
713160,2011,36.79834254143647
713170,2011,44.069553072625695
713180,2011,35.22957746478873
713190,2011,34.844931506849306
713200,2011,9.85303867403315
713210,2011,17.890958904109585
713220,2011,17.358516483516485
713230,2011,41.753150684931505
713240,2011,29.622916666666665
713250,2011,31.37643979057592
713270,2011,20.278787878787877
713290,2011,8.713492063492064
713310,2011,31.095664739884402
713320,2011,15.123782234957021
713340,2011,24.16528925619835
713350,2011,23.160821917808217
713360,2011,45.34318181818181
713370,2011,45.23303964757709
713380,2011,13.92861111111111
713390,2011,34.67318435754191
713400,2011,35.735616438356175
713410,2011,41.415512465373965
713420,2011,37.712222222222216
713430,2011,41.47260273972602
713440,2011,37.87111111111112
713450,2011,42.30365168539326
713460,2011,41.584109589041105
713470,2011,35.48904109589041
713480,2011,36.15424657534247
713490,2011,35.016804407713494
713500,2011,43.876438356164385
713510,2011,38.49060773480662
713520,2011,19.870820668693007
713530,2011,37.6489010989011
713540,2011,36.90082191780822
713550,2011,-7.777472527472529
713560,2011,-0.17150684931506727
713570,2011,13.831506849315067
713580,2011,10.191520467836256
713590,2011,36.6566091954023
713600,2011,37.62155172413794
713610,2011,28.403287671232878
713620,2011,31.93888888888888
713630,2011,-4.259375
713640,2011,20.331680440771347
713650,2011,28.165753424657535
713680,2011,46.16630136986301
713690,2011,43.678770949720665
713700,2011,42.567945205479454
713710,2011,46.25424657534247
713720,2011,46.83314285714285
713730,2011,46.06191780821918
713740,2011,35.892528735632176
713750,2011,36.339726027397255
713760,2011,41.60630136986302
713770,2011,44.94086956521739
713780,2011,39.70602739726028
713790,2011,36.86
713800,2011,37.080341880341884
713810,2011,38.86703601108032
713820,2011,33.844382022471905
713830,2011,31.50745856353591
713840,2011,43.014794520547945
713850,2011,38.174785100286535
713860,2011,38.901643835616426
713870,2011,32.14837662337662
713880,2011,38.168493150684924
713890,2011,40.05232558139535
713900,2011,38.71808219178083
713910,2011,42.63305785123968
713920,2011,42.94739726027398
713930,2011,39.37083333333334
713950,2011,45.18493150684932
713970,2011,47.05123287671232
713980,2011,34.40628571428571
713990,2011,40.75249169435216
714000,2011,39.793150684931504
714010,2011,45.348767123287665
714020,2011,39.699726027397254
714030,2011,44.63850415512465
714040,2011,45.63715415019763
714050,2011,36.3042492917847
714060,2011,37.76929577464788
714070,2011,5.928938906752411
714080,2011,42.14164383561644
714090,2011,40.7578947368421
714100,2011,34.8865329512894
714110,2011,45.985205479452055
714120,2011,44.069315068493154
714130,2011,37.00488505747125
714140,2011,35.448318042813455
714150,2011,45.65208913649025
714170,2011,37.68301369863014
714180,2011,42.81972602739726
714190,2011,45.32116991643454
714210,2011,30.715890410958906
714230,2011,38.47362637362638
714250,2011,39.861643835616434
714260,2011,38.121095890410956
714270,2011,37.767493112947655
714280,2011,39.23407202216065
714290,2011,40.55312500000001
714300,2011,47.447091412742374
714310,2011,46.592328767123284
714320,2011,49.9923287671233
714330,2011,40.5945205479452
714335,2011,42.48082191780822
714340,2011,26.973698630136983
714350,2011,34.95015015015016
714360,2011,45.78470254957508
714370,2011,49.21685082872929
714380,2011,24.86891891891892
714400,2011,39.300288184438045
714410,2011,39.675616438356165
714420,2011,37.19329608938547
714430,2011,35.92136986301371
714440,2011,34.15263157894738
714450,2011,17.390954773869343
714460,2011,38.60767123287671
714470,2011,39.090410958904116
714480,2011,38.1
714490,2011,38.88818681318682
714500,2011,14.884931506849313
714510,2011,30.646218487394965
714520,2011,39.161432506887046
714530,2011,41.82958904109589
714540,2011,35.54478021978022
714550,2011,38.2531506849315
714560,2011,35.27225274725274
714570,2011,39.94986301369863
714580,2011,36.713424657534254
714590,2011,38.74684931506848
714600,2011,36.1087912087912
714610,2011,36.87911764705882
714620,2011,46.97781350482315
714630,2011,40.322857142857146
714640,2011,49.08657534246576
714650,2011,43.66965517241379
714660,2011,50.753508771929816
714670,2011,11.09039548022599
714680,2011,48.748319327731096
714700,2011,19.458666666666666
714710,2011,36.56363636363637
714720,2011,46.623529411764714
714724,2011,46.436986301369856
714730,2011,47.59526462395543
714735,2011,50.11945205479452
714740,2011,38.48301369863013
714750,2011,46.684383561643834
714760,2011,43.85737704918033
714770,2011,45.28383561643836
714780,2011,45.69839357429718
714790,2011,47.16619318181818
714800,2011,23.309589041095897
714810,2011,37.31547277936963
714820,2011,45.69424657534246
714830,2011,36.79971671388102
714840,2011,46.62191011235956
714844,2011,46.76465753424658
714850,2011,46.665753424657524
714860,2011,36.48732782369146
714870,2011,39.39616438356164
714880,2011,30.553888888888885
714890,2011,36.21428571428571
714900,2011,11.425280898876403
714910,2011,-4.310769230769232
714920,2011,14.282596685082876
714930,2011,44.04273972602739
714940,2011,40.55397260273972
714950,2011,37.63534246575342
714960,2011,36.78000000000001
714970,2011,30.90821917808219
714980,2011,37.87947976878612
714990,2011,29.92312138728324
715000,2011,38.13031161473087
715010,2011,15.796438356164382
715020,2011,11.645312499999998
715030,2011,22.002465753424655
715040,2011,37.88223495702005
715050,2011,28.968493150684928
715060,2011,2.061077844311378
715070,2011,30.771476510067117
715080,2011,50.26904109589041
715090,2011,16.763287671232877
715100,2011,37.31260273972603
715110,2011,36.61260273972603
715120,2011,34.84310850439883
715130,2011,38.04071856287426
715140,2011,38.07287671232878
715150,2011,37.249041095890405
715160,2011,39.42109589041096
715170,2011,40.62865013774105
715180,2011,40.66383561643836
715190,2011,41.763561643835615
715200,2011,28.725655976676382
715210,2011,31.34668508287293
715220,2011,34.50583333333333
715230,2011,33.83469387755102
715240,2011,44.68109589041096
715250,2011,41.00303867403316
715260,2011,38.562603878116356
715270,2011,39.03671232876713
715280,2011,40.94547945205479
715290,2011,25.152602739726035
715320,2011,43.73011363636364
715330,2011,40.87065217391304
715340,2011,45.47561643835616
715350,2011,42.22904109589041
715360,2011,41.458082191780825
715370,2011,38.09245810055865
715380,2011,50.8504109589041
715390,2011,39.31218836565097
715400,2011,35.61942028985507
715410,2011,35.55953079178886
715420,2011,35.65139318885449
715430,2011,34.316954022988504
715440,2011,36.63492537313434
715450,2011,36.500591715976334
715460,2011,36.105405405405406
715470,2011,36.053693181818176
715480,2011,36.04191616766467
715490,2011,38.69738562091503
715500,2011,14.971944444444443
715510,2011,15.31917808219178
715520,2011,40.22801120448179
715530,2011,35.10356164383562
715540,2011,39.35506849315069
715550,2011,39.457534246575335
715560,2011,37.3331506849315
715570,2011,50.29291666666666
715580,2011,40.749344978165944
715590,2011,23.421212121212122
715600,2011,38.32208201892745
715630,2011,18.68623188405797
715640,2011,40.36436464088398
715650,2011,35.06739726027398
715660,2011,37.55013698630137
715670,2011,35.4545205479452
715680,2011,46.61934523809524
715690,2011,38.06657458563535
715700,2011,39.48487394957983
715710,2011,38.25642857142857
715720,2011,13.907453416149067
715730,2011,48.169405099150154
715740,2011,41.39342465753424
715750,2011,19.125753424657535
715760,2011,8.673273273273272
715770,2011,38.44027397260274
715780,2011,43.26767123287672
715790,2011,41.24900849858357
715800,2011,16.913494809688583
715810,2011,40.78465753424656
715820,2011,37.91290322580645
715830,2011,-17.7671875
715840,2011,37.04225352112676
715850,2011,36.687833827893165
715860,2011,33.981318681318676
715870,2011,43.33157894736842
715880,2011,40.86246575342466
715890,2011,39.23487654320988
715900,2011,39.27945205479452
715901,2011,43.50840336134454
715910,2011,46.717260273972606
715920,2011,17.01184210526316
715925,2011,13.922962962962961
715970,2011,46.72880886426593
715980,2011,41.88219178082192
715990,2011,45.61342465753426
716000,2011,47.4427397260274
716010,2011,48.0
716015,2011,47.340659340659336
716030,2011,47.0531506849315
716040,2011,41.391320754716986
716050,2011,49.73208092485549
716060,2011,35.37458100558659
716070,2011,44.35671232876713
716090,2011,43.406301369863016
716100,2011,43.360497237569064
716110,2011,44.89460227272726
716120,2011,47.21260273972602
716140,2011,44.22514450867052
716160,2011,42.481686046511626
716170,2011,40.0155807365439
716180,2011,25.2375366568915
716190,2011,40.709041095890406
716200,2011,48.31287671232877
716210,2011,47.559726027397254
716220,2011,47.72520547945206
716230,2011,47.789589041095894
716240,2011,48.89506849315068
716250,2011,43.34383561643834
716270,2011,46.85863013698629
716278,2011,44.63698630136986
716279,2011,47.48794520547945
716280,2011,45.810684931506856
716290,2011,45.93379120879121
716300,2011,43.94109589041096
716310,2011,44.70931506849315
716320,2011,28.93961218836565
716330,2011,45.41917808219179
716340,2011,47.91561643835617
716380,2011,48.4232044198895
716390,2011,47.82955801104973
716420,2011,39.48438356164383
716445,2011,46.25041095890411
716650,2011,28.707123287671234
716660,2011,42.46314285714286
716670,2011,38.767397260273974
716680,2011,44.154419889502755
716690,2011,36.3564383561644
716700,2011,42.83123287671233
716710,2011,46.34046920821114
716720,2011,45.61780821917808
716730,2011,37.22205438066465
716740,2011,32.637201365187714
716750,2011,15.566197183098591
716790,2011,36.068245125348184
716800,2011,23.77177033492823
716810,2011,48.096388888888896
716820,2011,27.512054794520544
716830,2011,18.540495867768595
716840,2011,27.547222222222217
716850,2011,33.05
716860,2011,14.40625
716870,2011,41.77357954545454
716880,2011,38.69380281690141
716890,2011,21.26111111111111
716900,2011,35.78050847457627
716910,2011,37.74216524216524
716940,2011,42.812054794520556
716950,2011,34.84555555555556
716960,2011,22.623314606741573
716970,2011,47.200273972602744
716971,2011,32.96291208791209
716990,2011,43.40438356164384
717000,2011,43.98406593406593
717010,2011,44.18054794520548
717020,2011,43.733608815427
717030,2011,41.04383561643835
717040,2011,48.238268156424574
717050,2011,43.73890410958904
717060,2011,44.388767123287664
717063,2011,43.77835616438355
717070,2011,43.88821917808219
717080,2011,42.649863013698635
717090,2011,43.734520547945216
717100,2011,42.92219178082191
717120,2011,46.52136986301371
717130,2011,41.894520547945206
717140,2011,42.68655462184874
717150,2011,39.876308539944894
717160,2011,40.70219178082192
717180,2011,40.3131506849315
717190,2011,41.84653739612189
717200,2011,47.57106741573034
717210,2011,42.35835616438357
717230,2011,44.23123287671233
717240,2011,44.456438356164384
717250,2011,37.846027397260286
717255,2011,37.44575342465753
717260,2011,36.69369863013697
717270,2011,39.2468493150685
717280,2011,38.91452054794521
717300,2011,41.23506849315068
717310,2011,41.76191780821918
717320,2011,41.46878453038674
717330,2011,43.65041095890412
717334,2011,44.260569105691054
717340,2011,38.14684931506848
717350,2011,38.24406779661015
717360,2011,40.117955801104976
717365,2011,37.2567335243553
717366,2011,40.416438356164385
717367,2011,18.025484764542934
717370,2011,38.614326647564475
717380,2011,40.320821917808225
717385,2011,37.92246575342466
717386,2011,16.060000000000002
717390,2011,37.654520547945204
717410,2011,47.66986301369864
717420,2011,40.26794520547945
717430,2011,22.839178082191783
717440,2011,42.085872576177294
717460,2011,19.862099125364434
717470,2011,38.555910543130985
717480,2011,38.17095890410959
717490,2011,38.94285714285715
717500,2011,38.36931506849315
717510,2011,39.930285714285716
717520,2011,48.78657534246576
717530,2011,45.20112676056338
717540,2011,36.38493150684931
717550,2011,32.594632768361585
717560,2011,39.13195592286501
717570,2011,46.1514450867052
717580,2011,43.74191780821917
717610,2011,36.663662790697664
717650,2011,50.013479623824445
717660,2011,48.3892957746479
717670,2011,18.17397260273973
717680,2011,48.16109589041096
717690,2011,50.25479452054795
717700,2011,45.96328767123287
717710,2011,46.69235127478754
717720,2011,50.48219178082191
717730,2011,31.730470914127416
717740,2011,46.742817679558
717750,2011,48.61013698630138
717760,2011,45.84219178082191
717770,2011,44.52063953488372
717775,2011,14.184939759036142
717790,2011,39.7088888888889
717800,2011,47.100821917808204
717810,2011,50.474246575342455
717820,2011,38.86060606060606
717830,2011,49.1771978021978
717840,2011,48.53397260273974
717850,2011,50.35205479452055
717860,2011,30.853351955307257
717870,2011,16.4186301369863
717880,2011,17.27506925207756
717890,2011,40.52640449438203
717910,2011,36.984375
717920,2011,32.641
717930,2011,36.223229461756375
717940,2011,40.967419354838725
717950,2011,42.28428571428571
717960,2011,37.84231884057971
717970,2011,38.530030030030034
717980,2011,47.392602739726044
717990,2011,49.053698630136985
718000,2011,41.35338983050847
718010,2011,41.97424657534247
718030,2011,40.642465753424666
718060,2011,39.816943521594695
718070,2011,43.043835616438365
718080,2011,35.06401098901099
718090,2011,41.31945205479451
718100,2011,38.289315068493146
718110,2011,36.18438356164381
718113,2011,33.21954022988506
718120,2011,17.387671232876713
718130,2011,36.9173076923077
718140,2011,35.908767123287674
718150,2011,42.99917355371902
718160,2011,34.45753424657534
718170,2011,34.813972602739724
718180,2011,33.998356164383566
718190,2011,36.046575342465744
718200,2011,47.072676056338025
718210,2011,34.52904109589041
718220,2011,34.35041095890411
718230,2011,29.609041095890415
718240,2011,34.164931506849314
718250,2011,28.77287671232877
718260,2011,30.179899497487437
718270,2011,29.849041095890414
718275,2011,31.36423076923077
718280,2011,25.945205479452053
718290,2011,37.17690058479533
718310,2011,36.5117808219178
718320,2011,35.24820936639119
718330,2011,45.517808219178086
718340,2011,35.74410958904109
718350,2011,25.354078549848946
718360,2011,33.17890410958904
718370,2011,16.07643835616438
718390,2011,15.751506849315073
718400,2011,39.83342465753425
718410,2011,35.0718309859155
718420,2011,37.978630136986304
718426,2011,48.12727272727273
718427,2011,49.88095238095238
718428,2011,37.79305019305019
718429,2011,17.550453172205437
718430,2011,41.608077994428974
718431,2011,16.835775862068967
718432,2011,20.763384615384616
718433,2011,23.10115384615385
718434,2011,27.310510510510525
718435,2011,25.68843537414966
718436,2011,34.636653386454185
718437,2011,25.713084112149538
718438,2011,44.31929824561403
718440,2011,30.844931506849314
718442,2011,16.649477351916378
718443,2011,40.00671936758894
718450,2011,33.51452282157676
718454,2011,37.12657534246574
718460,2011,32.20251396648045
718480,2011,39.886301369863006
718490,2011,38.655718475073314
718500,2011,19.593424657534246
718510,2011,40.66465753424659
718515,2011,40.122739726027405
718520,2011,39.463013698630135
718540,2011,37.8986301369863
718550,2011,38.854520547945214
718570,2011,35.82712328767123
718580,2011,33.61780821917809
718600,2011,38.45780821917808
718610,2011,37.06016483516484
718620,2011,39.39616438356165
718630,2011,38.1572602739726
718640,2011,42.8919014084507
718650,2011,36.938082191780815
718660,2011,37.6745205479452
718670,2011,34.71287671232877
718680,2011,35.44849315068493
718690,2011,36.34849315068493
718700,2011,38.65472222222222
718710,2011,36.4027397260274
718720,2011,42.971232876712335
718735,2011,35.41638888888889
718736,2011,39.139452054794525
718740,2011,41.55013698630137
718750,2011,32.20949720670391
718755,2011,28.99433962264151
718760,2011,37.84109589041095
718770,2011,39.95561643835616
718780,2011,36.64
718790,2011,39.696164383561644
718794,2011,41.7309589041096
718800,2011,42.58027397260274
718810,2011,35.93036211699164
718820,2011,43.538356164383565
718830,2011,39.920821917808205
718834,2011,38.7528735632184
718840,2011,48.332876712328776
718850,2011,15.944109589041096
718860,2011,44.16575342465754
718870,2011,48.15205479452054
718880,2011,36.185164835164834
718884,2011,38.06821917808219
718890,2011,49.01287671232877
718900,2011,50.58602739726027
718910,2011,48.87916666666666
718920,2011,49.84356164383562
718930,2011,49.04602739726026
718936,2011,48.79835616438356
718940,2011,48.07399999999999
718950,2011,36.96158357771261
718960,2011,37.98739726027397
718964,2011,37.03577586206897
718970,2011,46.98982456140351
718980,2011,44.9586301369863
718990,2011,45.26666666666668
719000,2011,30.470136986301373
719020,2011,29.84931506849315
719030,2011,45.582420749279535
719035,2011,38.145833333333336
719040,2011,29.149582172701955
719043,2011,20.790322580645164
719050,2011,27.99616438356165
719053,2011,28.519142857142857
719060,2011,25.32794520547945
719064,2011,26.728709677419353
719070,2011,23.288121546961325
719074,2011,18.900335570469796
719077,2011,22.58287292817679
719090,2011,17.91178082191781
719094,2011,21.686574074074077
719100,2011,19.07835616438356
719104,2011,26.814338235294116
719110,2011,8.469041095890413
719120,2011,27.70657534246575
719130,2011,22.87041095890411
719140,2011,47.52605042016807
719143,2011,7.8916666666666675
719145,2011,9.621008403361344
719150,2011,14.21098901098901
719156,2011,9.753481894150418
719160,2011,8.195054945054945
719170,2011,1.2019178082191788
719180,2011,8.805753424657535
719194,2011,11.849712643678167
719200,2011,46.38538681948424
719220,2011,34.42465753424657
719230,2011,19.537606837606837
719240,2011,7.57095890410959
719246,2011,9.482532751091703
719250,2011,9.436438356164384
719260,2011,14.343213296398892
719270,2011,48.90322580645161
719280,2011,34.10821917808219
719284,2011,34.11945205479452
719300,2011,42.8
719310,2011,43.346125461254616
719320,2011,35.35369863013698
719330,2011,31.324930747922433
719340,2011,30.508767123287665
719350,2011,28.681095890410962
719360,2011,26.0827397260274
719380,2011,15.780000000000001
719400,2011,36.10438356164384
719410,2011,37.841732283464566
719430,2011,36.48383561643836
719440,2011,37.154794520547945
719450,2011,31.800821917808214
719455,2011,44.98383458646616
719460,2011,28.449589041095884
719465,2011,29.55241379310345
719470,2011,22.112676056338028
719480,2011,13.204109589041092
719485,2011,17.86862745098039
719490,2011,26.98846153846154
719491,2011,38.44630136986302
719493,2011,28.67052341597796
719494,2011,14.858466453674124
719500,2011,38.646027397260276
719510,2011,42.08493150684931
719520,2011,34.37257617728532
719530,2011,29.354246575342476
719540,2011,35.10438356164384
719550,2011,42.51260273972603
719560,2011,43.47444444444444
719570,2011,20.194520547945203
719574,2011,20.2580204778157
719575,2011,20.633073929961085
719576,2011,24.668393782383422
719580,2011,31.0536312849162
719590,2011,46.27982456140351
719600,2011,15.12191780821918
719620,2011,38.820738636363636
719630,2011,21.097999999999995
719640,2011,31.723561643835616
719650,2011,27.768493150684932
719660,2011,24.67671232876712
719664,2011,23.951098901098902
719665,2011,19.15534246575342
719670,2011,43.91361111111111
719674,2011,25.566301369863016
719675,2011,24.10794520547945
719680,2011,17.053150684931506
719700,2011,35.44325068870524
719710,2011,8.971745152354572
719720,2011,19.825479452054793
719730,2011,41.09613259668508
719740,2011,-4.0449315068493155
719750,2011,14.318630136986298
719760,2011,16.860188087774294
719770,2011,0.1861878453038674
719780,2011,17.426849315068495
719790,2011,8.989041095890412
719800,2011,39.729885057471265
719810,2011,38.817681159420296
719820,2011,34.733436532507746
719830,2011,41.48888888888889
719840,2011,17.197260273972606
719850,2011,20.401515151515152
719860,2011,38.96732394366197
719870,2011,42.771676300578044
719880,2011,46.42953216374268
719890,2011,4.571348314606741
719900,2011,20.722038567493115
719990,2011,48.87260273972602
760013,2011,60.81232876712329
760053,2011,74.62121212121211
760400,2011,74.4116147308782
760550,2011,76.68848920863309
760610,2011,73.15859872611463
760753,2011,70.73186813186813
760754,2011,78.23159420289855
761130,2011,76.04008620689655
761220,2011,64.68353658536586
761600,2011,78.00876712328765
762200,2011,59.39968152866243
762250,2011,69.55766016713092
762253,2011,70.31074380165289
762430,2011,77.27863013698631
762530,2011,77.64657534246575
762555,2011,79.26000000000002
762560,2011,77.81319648093842
762580,2011,86.30600000000001
762863,2011,78.76027397260272
763050,2011,78.85780821917811
763110,2011,78.35854341736696
763230,2011,68.86959064327483
763420,2011,77.74258241758241
763503,2011,77.05369863013699
763615,2011,76.10931506849315
763730,2011,66.16192052980132
763820,2011,75.67150684931508
763900,2011,69.40712328767123
763930,2011,76.264161849711
763940,2011,76.37005494505495
763943,2011,73.31013698630137
763993,2011,77.07335164835165
764020,2011,74.3045283018868
764050,2011,77.7754143646409
764055,2011,76.89178082191782
764056,2011,78.72219178082194
764120,2011,79.07095890410959
764230,2011,66.67569832402235
764235,2011,66.9095890410959
764580,2011,75.99340659340659
764593,2011,71.98356164383563
764710,2011,64.5890909090909
764910,2011,76.7374647887324
764915,2011,77.89338842975206
764990,2011,78.76902654867257
765190,2011,75.79885057471265
765250,2011,59.252197802197806
765255,2011,62.50465753424657
765390,2011,64.80876712328768
765430,2011,80.44294478527605
765480,2011,76.78646408839779
765493,2011,77.87068493150687
765560,2011,72.81999999999998
765710,2011,67.67808219178083
765770,2011,66.79780219780218
765773,2011,68.79643835616437
765810,2011,73.1545714285714
765850,2011,80.99874213836476
765906,2011,77.24181184668988
765930,2011,79.29171428571428
765950,2011,73.50506329113924
766013,2011,76.87999999999998
766120,2011,70.10687499999999
766127,2011,78.14849315068493
766133,2011,67.10109589041095
766250,2011,64.41506849315068
766320,2011,58.97852760736196
766340,2011,61.615588235294126
766400,2011,76.47245179063361
766440,2011,79.42410958904108
766470,2011,80.3175141242938
766480,2011,78.29903846153846
766493,2011,74.56703296703297
766534,2011,80.94710743801652
766540,2011,79.8684065934066
766546,2011,69.1868493150685
766560,2011,71.1302857142857
766580,2011,77.28109589041097
766620,2011,69.03653846153846
766650,2011,66.47134986225893
766655,2011,65.26767123287671
766750,2011,56.035734072022166
766753,2011,55.35232876712328
766793,2011,63.544383561643826
766800,2011,63.02477064220185
766810,2011,66.75208333333332
766830,2011,60.69778393351802
766850,2011,63.03068493150685
766870,2011,65.73884297520662
766913,2011,79.43287671232876
766920,2011,78.90688705234157
766950,2011,80.44465753424656
766980,2011,81.09740634005765
767260,2011,76.5454794520548
767370,2011,67.19807162534435
767383,2011,78.19150684931508
767410,2011,78.90617977528092
767430,2011,80.52442528735632
767433,2011,81.64356164383564
767493,2011,81.11643835616438
767500,2011,81.84712328767124
767501,2011,84.07011834319526
767502,2011,82.63815028901733
767503,2011,77.51369863013699
767510,2011,78.37978723404254
767584,2011,82.36136986301369
767620,2011,73.01849710982658
767730,2011,70.40448179271709
767750,2011,69.36843575418993
767755,2011,70.34465753424658
768050,2011,82.34202898550727
768056,2011,80.23972602739725
768330,2011,83.06771428571426
768400,2011,83.21622418879056
768430,2011,78.02547945205475
768450,2011,59.57170329670329
768480,2011,65.62569060773481
768485,2011,81.87945205479451
768550,2011,82.19109792284864
768556,2011,81.41397260273976
769030,2011,82.13333333333334
769043,2011,80.31424657534248
820170,2011,83.91479452054794
820220,2011,81.6882191780822
820300,2011,84.85
820305,2011,75.31655172413792
820306,2011,62.37196969696969
820670,2011,82.78553719008265
820910,2011,80.36217008797655
820980,2011,82.66767123287674
821070,2011,84.66173633440515
821110,2011,79.77890410958905
821930,2011,80.72356164383562
822440,2011,80.56054794520549
822810,2011,81.58054794520548
822880,2011,84.68505747126436
823170,2011,83.02520547945207
823320,2011,80.93315068493152
823360,2011,83.57990196078431
823366,2011,80.0191135734072
823530,2011,80.92679558011048
823610,2011,82.52777777777776
823980,2011,78.95424657534248
824000,2011,80.86027397260273
824110,2011,80.99205479452054
824440,2011,82.85083333333331
825330,2011,84.06713091922005
825620,2011,81.4972602739726
825640,2011,82.47950138504156
825670,2011,76.99782608695652
825790,2011,83.6241095890411
825910,2011,87.63119777158776
825990,2011,78.64547945205479
825991,2011,71.46328767123288
826400,2011,86.90114942528736
827040,2011,78.4378082191781
827640,2011,87.25859375
827641,2011,77.51065830721004
827950,2011,76.23867403314918
827980,2011,78.97972602739728
827981,2011,70.83472222222221
828080,2011,82.29155844155844
828240,2011,81.64410958904111
828610,2011,86.00414364640883
828990,2011,79.29449035812672
829170,2011,82.46929577464788
829300,2011,76.44782608695651
829650,2011,80.26132596685085
829654,2011,79.76031746031747
829840,2011,80.44986301369865
829860,2011,82.92222222222222
829930,2011,75.75835616438356
830630,2011,84.97647058823527
830750,2011,66.75479452054793
830950,2011,80.23013698630139
831110,2011,77.72361111111113
832080,2011,77.57138888888888
832480,2011,79.30246575342467
832880,2011,84.7919540229885
833440,2011,73.41281337047353
833490,2011,78.02931506849313
833590,2011,82.14944134078212
833620,2011,79.58356164383561
833780,2011,70.83808219178083
833880,2011,75.2
834190,2011,72.2761111111111
834240,2011,75.42301369863013
834370,2011,75.08416666666668
834600,2011,74.43714285714286
835250,2011,71.09273743016762
835520,2011,79.26406685236769
835660,2011,66.81353383458645
835760,2011,73.18662952646237
835830,2011,71.05540166204987
835870,2011,66.63561643835615
835880,2011,73.05540166204987
836120,2011,74.8767123287671
836490,2011,75.32328767123289
836520,2011,75.87808219178082
836710,2011,72.95949720670392
836720,2011,70.45654205607475
836723,2011,78.22115384615385
836724,2011,74.04285714285717
836725,2011,74.97983870967742
836726,2011,69.12585365853657
836727,2011,70.78217270194986
836728,2011,82.43739612188365
836729,2011,62.46666666666667
836810,2011,69.90977653631285
836890,2011,67.56509695290858
836920,2011,69.11988950276245
836980,2011,76.8517808219178
836993,2011,80.1070796460177
837030,2011,75.07397260273973
837080,2011,74.39551820728292
837160,2011,73.99861111111109
837210,2011,68.79178082191781
837220,2011,73.84194444444442
837410,2011,73.43621169916433
837460,2011,74.93561643835616
837480,2011,72.51080332409971
837550,2011,75.09643835616437
837590,2011,75.74361111111111
837670,2011,73.0411111111111
837680,2011,70.87643835616439
837780,2011,78.04684931506848
837790,2011,69.59444444444446
837800,2011,67.49205479452056
837840,2011,70.5892307692308
838093,2011,68.3841095890411
838180,2011,72.55958702064896
838270,2011,70.4682191780822
838400,2011,62.49726027397261
838420,2011,66.05277777777778
838830,2011,66.8459610027855
838990,2011,69.42794520547946
839140,2011,66.83286219081273
839280,2011,69.83616438356168
839370,2011,72.52514285714287
839420,2011,60.4516393442623
839670,2011,67.85777777777777
839710,2011,66.98958904109588
839810,2011,71.18489208633093
839850,2011,65.76006191950465
868910,2011,72.36546184738955
870070,2011,50.9641095890411
870160,2011,71.48776758409787
870220,2011,70.77401129943503
870460,2011,66.49972602739726
870470,2011,62.41095890410959
870780,2011,72.40242914979757
870970,2011,70.03698630136986
871210,2011,67.4882191780822
871290,2011,68.42782369146008
871480,2011,69.73753424657534
871550,2011,69.83726027397262
871620,2011,72.9323287671233
871660,2011,70.02438356164386
871780,2011,71.92246575342466
872170,2011,72.64779005524862
872220,2011,70.3064245810056
872570,2011,66.69369863013695
872700,2011,68.23068493150683
872890,2011,69.94821917808218
873110,2011,64.48821917808218
873200,2011,69.91546961325966
873280,2011,65.70137741046828
873440,2011,64.17890410958904
873490,2011,63.04246575342466
873710,2011,66.01123287671231
873740,2011,64.7607142857143
873930,2011,67.41879999999999
873950,2011,65.53068493150684
874160,2011,62.46898550724637
874180,2011,63.40767123287671
874360,2011,64.78337950138504
874480,2011,60.754670329670326
874530,2011,61.97534246575342
874670,2011,62.816758241758244
874800,2011,63.94136986301371
874970,2011,65.48690807799441
875060,2011,55.51840659340659
875090,2011,60.1958904109589
875320,2011,67.25350877192982
875340,2011,62.25589041095891
875480,2011,60.741917808219185
875530,2011,63.085164835164825
875760,2011,63.14493150684931
875820,2011,64.3531506849315
875850,2011,67.69385964912281
875930,2011,64.02361111111112
876230,2011,60.566301369863005
876400,2011,57.27708333333333
876410,2011,58.0013698630137
876450,2011,56.50686813186813
876480,2011,58.72301369863013
876920,2011,57.06657534246575
877150,2011,59.713150684931506
877500,2011,59.82575342465753
877650,2011,48.06438356164383
877840,2011,61.045868945868946
877910,2011,60.93653846153846
878000,2011,57.076146788990826
878030,2011,48.63342465753424
878280,2011,58.31342465753424
878520,2011,49.20920245398773
878600,2011,56.56575342465752
878960,2011,52.26320754716981
879040,2011,48.616574585635355
879090,2011,50.91492957746479
879250,2011,46.30767123287672
879340,2011,44.06033057851239
879380,2011,43.873150684931524
889680,2011,27.113428571428575
992190,2011,47.17835616438357
992930,2011,48.790958904109594
992980,2011,53.45123966942149
995340,2011,42.80569620253164
995390,2011,44.93265306122449
995480,2011,51.789589041095894
995490,2011,53.77468879668051
995500,2011,48.91627906976744
995960,2011,55.70559440559441
995970,2011,50.82242424242424
995980,2011,53.006694560669466
995990,2011,60.24622222222222
996210,2011,45.79589041095891
996260,2011,60.763535911602204
996410,2011,46.32093663911845
996430,2011,53.03294117647059
996460,2011,47.09534246575342
996490,2011,46.88356164383561
996500,2011,50.44805970149254
996510,2011,48.00056657223797
996520,2011,44.67808219178082
996530,2011,48.293698630136994
996540,2011,48.59260273972603
996550,2011,60.060909090909085
996620,2011,49.11561643835616
996870,2011,51.10301204819276
996930,2011,41.15132743362832
996960,2011,49.4413698630137
996980,2011,51.31538461538461
997187,2011,56.335042735042734
997189,2011,45.31630434782608
997191,2011,63.090839694656495
997192,2011,53.83361344537815
997193,2011,62.1970588235294
997194,2011,65.70347826086957
997195,2011,56.83471074380165
997196,2011,58.57697368421052
997197,2011,60.68494623655914
997218,2011,61.930882352941175
997219,2011,65.27630057803468
997234,2011,62.25522388059701
997395,2011,81.0676712328767
998433,2011,79.2358306188925
998434,2011,79.85740072202167
998437,2011,78.29674267100978
999999,2011,52.92752449133395
